Workbook
Name APG_ave: '2025_stats_lakers'!$X$1:$X$25
Name FGper_Ave: '2025_stats_lakers'!$J$1:$J$25
Name Luka_PTS: Luka_24_25_Regular_Playoffs[PTS]
Name Luka_TRB: Luka_24_25_Regular_Playoffs[TRB]
Name PTS: '2025_stats_lakers'!$AD$1:$AD$25
Name PTS_ave: '2025_stats_lakers'!$AD$1:$AD$25
Name RPG_ave: '2025_stats_lakers'!$W$1:$W$25
Name STOCK_ave: '2025_stats_lakers'!$AA$1:$AA$25
Name test: Luka_24_25_Regular_Playoffs!$W$4
Name Threes_ave: '2025_stats_lakers'!$M$1:$M$25

Sheet Cover
F1: JAYVEE LAKERS MINI ANALYTICS
F8: Data sourced from: Basketball-Reference.com – Lakers 2024-25 Stats 🔗 https://www.basketball-reference.com/teams/LAL/2025.html
F10: Luka 2025 Stats (Dallas vs. Lakers)
F14: Lebron and Reaves Statistics Before Vs. After Luka joining
F18: Player Statistics (Regular Season)

Sheet Luka_2025_Stats_Mavs_Vs_Lakers
G1: Luka Doncic 2025 Stats
E5: When he was on Mavs | J5: When he is on Lakers
O8: There is no significant difference when Luka was playing on the Mavs and when he was traded to the Lakers
E9: PTS | F9: =AVERAGEIF(Luka_24_25_Regular_Playoffs!E:E,"DAL",Luka_24_25_Regular_Playoffs!AG2:AG84) -> 28.142857 | J9: PPG | K9: =AVERAGEIF(Luka_24_25_Regular_Playoffs!E2:E93,"LAL",Luka_24_25_Regular_Playoffs!AG:AG) -> 28.178571
E12: REB | F12: =AVERAGEIF(Luka_24_25_Regular_Playoffs!E:E,"DAL",Luka_24_25_Regular_Playoffs!AA2:AA84) -> 8.2380952 | J12: REB | K12: =AVERAGEIF(Luka_24_25_Regular_Playoffs!E:E,"LAL",Luka_24_25_Regular_Playoffs!AA:AA) -> 8.0714286
E15: AST | F15: =AVERAGEIF(Luka_24_25_Regular_Playoffs!E2:E93,"DAL",Luka_24_25_Regular_Playoffs!AB1:AB84) -> 7.8181818 | J15: AST | K15: =AVERAGEIF(Luka_24_25_Regular_Playoffs!E2:E93,"LAL",Luka_24_25_Regular_Playoffs!AB2:AB93) -> 7.5357143
E18: FG% | F18: =AVERAGEIF(Luka_24_25_Regular_Playoffs!E:E,"DAL",Luka_24_25_Regular_Playoffs!N:N) -> 0.46481818 | J18: FG% | K18: =AVERAGEIF(Luka_24_25_Regular_Playoffs!E2:E93,"LAL",Luka_24_25_Regular_Playoffs!N2:N93) -> 0.43628571

Sheet Lebron&Reaves_Before&After_Luka
F1: Does Lebron and Reaves productivity lessen when Luka arrived?
C6: BEFORE LUKA | J6: AFTER LUKA
C9: PLAYERS | D9: PPG | E9: RPG | F9: APG | G9: FGA | H9: FG% | J9: PLAYERS | K9: PPG | L9: RPG | M9: APG | N9: FGA | O9: FG%
C10: Lebron James | D10: =AVERAGEIF(Lebron_regular_Playoffs[Column1],"No Luka",Lebron_regular_Playoffs!AH1:AH82) -> 24.270833 | E10: =AVERAGEIF(Lebron_regular_Playoffs[Column1],"No Luka",Lebron_regular_Playoffs!AB1:AB82) -> 7.6875 | F10: =AVERAGEIF(Lebron_regular_Playoffs[Column1],"No Luka",Lebron_regular_Playoffs!AC1:AC82) -> 9.0625 | G10: =AVERAGEIF(Lebron_regular_Playoffs[Column1],"No Luka",Lebron_regular_Playoffs!N1:N82) -> 18.145833 | H10: =AVERAGEIF(Lebron_regular_Playoffs[Column1],"No Luka",Lebron_regular_Playoffs!O1:O82) -> 0.51360417 | J10: Lebron James | K10: =AVERAGEIF(Lebron_regular_Playoffs[Column1],"Luka",Lebron_regular_Playoffs!AH1:AH82) -> 24.772727 | L10: =AVERAGEIF(Lebron_regular_Playoffs[Column1],"Luka",Lebron_regular_Playoffs!AB1:AB82) -> 8.0454545 | M10: =AVERAGEIF(Lebron_regular_Playoffs[Column1],"Luka",Lebron_regular_Playoffs!AC1:AC82) -> 6.3636364 | N10: =AVERAGEIF(Lebron_regular_Playoffs[Column1],"Luka",Lebron_regular_Playoffs!N1:N82) -> 18.136364 | O10: =AVERAGEIF(Lebron_regular_Playoffs[Column1],"Luka",Lebron_regular_Playoffs!O1:O82) -> 0.50513636
C11: Austin Reaves | D11: =AVERAGEIF('AR_REG_OFFS '!C:C,"No Luka",'AR_REG_OFFS '!AG1:AG82) -> 19.595745 | E11: =AVERAGEIF('AR_REG_OFFS '!C:C,"No Luka",'AR_REG_OFFS '!AA1:AA82) -> 4.3404255 | F11: =AVERAGEIF('AR_REG_OFFS '!C:C,"No Luka",'AR_REG_OFFS '!AB1:AB82) -> 6.0851064 | G11: =AVERAGEIF('AR_REG_OFFS '!C:C,"No Luka",'AR_REG_OFFS '!M1:M82) -> 14.191489 | H11: =AVERAGEIF('AR_REG_OFFS '!C:C,"No Luka",'AR_REG_OFFS '!N1:N82) -> 0.45448936 | J11: Austin Reaves | K11: =AVERAGEIF('AR_REG_OFFS '!C:C,"Luka",'AR_REG_OFFS '!AG1:AG82) -> 21.307692 | L11: =AVERAGEIF('AR_REG_OFFS '!C:C,"Luka",'AR_REG_OFFS '!AA1:AA82) -> 4.8076923 | M11: =AVERAGEIF('AR_REG_OFFS '!C:C,"Luka",'AR_REG_OFFS '!AB1:AB82) -> 5.1923077 | N11: =AVERAGEIF('AR_REG_OFFS '!C:C,"Luka",'AR_REG_OFFS '!M1:M82) -> 14.230769 | O11: =AVERAGEIF('AR_REG_OFFS '!C:C,"Luka",'AR_REG_OFFS '!N1:N82) -> 0.47084615
F14: This shows that there is no significant difference in terms of production when Reaves and Bron played when Luka arrived to LA.

Sheet Laker_Player_Statistics
A1: 2025 Lakers Player Statistics
C5: LeBron James
A9: PPG | D9: RPG | G9: APG
A10: =VLOOKUP(C5,'2025_stats_lakers'!AG1:AN25,7,FALSE) -> 24.4 | D10: =VLOOKUP(C5,'2025_stats_lakers'!AG1:AN25,4,FALSE) -> 7.8 | G10: =VLOOKUP(C5,'2025_stats_lakers'!AG1:AN25,5,FALSE) -> 8.2
A14: FG% | D14: 3P% | G14: Awards
A15: =VLOOKUP(C5,'2025_stats_lakers'!AG1:AO25,2,FALSE) -> 0.513 | D15: =VLOOKUP(C5,'2025_stats_lakers'!AG1:AO25,3,FALSE) -> 0.376 | G15: =VLOOKUP(C5,'2025_stats_lakers'!AG1:AO25,8,FALSE) -> MVP-6,CPOY-7,AS,NBA2

Sheet Player_PPG
A3: Row Labels | B3: PPG
A4: Jaxson Hayes | B4: 6.8
A5: Dorian Finney-Smith | B5: 7.9
A6: Max Christie | B6: 8.5
A7: Dalton Knecht | B7: 9.1
A8: D'Angelo Russell | B8: 12.4
A9: Rui Hachimura | B9: 13.1
A10: Austin Reaves | B10: 20.2
A11: LeBron James | B11: 24.4
A12: Anthony Davis | B12: 25.7
A13: Luka Dončić | B13: 28.2
A14: Grand Total | B14: 15.63

Sheet Player_STOCKS
A3: Row Labels | B3: Average of STOCKS
A4: Rui Hachimura | B4: 0.6
A5: Cam Reddish | B5: 0.65
A6: Jarred Vanderbilt | B6: 0.65
A7: Max Christie | B7: 0.65
A8: Jordan Goodwin | B8: 0.7
A9: Austin Reaves | B9: 0.7
A10: Jaxson Hayes | B10: 0.75
A11: LeBron James | B11: 0.8
A12: Luka Dončić | B12: 1
A13: Anthony Davis | B13: 1.7
A14: Grand Total | B14: 0.82

Sheet 2025_stats_lakers
A1: Rk | B1: Player | C1: Age | D1: Pos | E1: G | F1: GS | G1: MP | H1: FG | I1: FGA | J1: FG% | K1: 3P | L1: 3PA | M1: 3P% | N1: 2P | O1: 2PA | P1: 2P% | Q1: eFG% | R1: FT | S1: FTA | T1: FT% | U1: ORB | V1: DRB | W1: TRB | X1: AST | Y1: STL | Z1: BLK | AA1: STOCKS | AB1: TOV | AC1: PF | AD1: PTS | AE1: Awards | AG1: Player | AH1: FG% | AI1: 3P% | AJ1: TRB | AK1: AST | AL1: STOCKS | AM1: PTS | AN1: Awards
A2: 1 | B2: Luka Dončić | C2: 25 | D2: PG | E2: 28 | F2: 28 | G2: 35.1 | H2: 8.8 | I2: 20 | J2: 0.438 | K2: 3.6 | L2: 9.6 | M2: 0.379 | N2: 5.1 | O2: 10.4 | P2: 0.493 | Q2: 0.53 | R2: 7 | S2: 8.9 | T2: 0.791 | U2: 0.9 | V2: 7.2 | W2: 8.1 | X2: 7.5 | Y2: 1.6 | Z2: 0.4 | AA2: =SUM(Worksheet[[#This Row],[STL]:[BLK]])/2 -> 1 | AB2: 3.7 | AC2: 2.4 | AD2: 28.2 | AG2: Luka Dončić | AH2: 0.438 | AI2: 0.379 | AJ2: 8.1 | AK2: 7.5 | AL2: 1 | AM2: 28.2
A3: 2 | B3: Austin Reaves | C3: 26 | D3: SG | E3: 73 | F3: 73 | G3: 34.9 | H3: 6.5 | I3: 14.2 | J3: 0.46 | K3: 2.7 | L3: 7.3 | M3: 0.377 | N3: 3.8 | O3: 6.9 | P3: 0.547 | Q3: 0.556 | R3: 4.4 | S3: 5 | T3: 0.877 | U3: 0.8 | V3: 3.7 | W3: 4.5 | X3: 5.8 | Y3: 1.1 | Z3: 0.3 | AA3: =SUM(Worksheet[[#This Row],[STL]:[BLK]])/2 -> 0.7 | AB3: 2.4 | AC3: 2.1 | AD3: 20.2 | AG3: Austin Reaves | AH3: 0.46 | AI3: 0.377 | AJ3: 4.5 | AK3: 5.8 | AL3: 0.7 | AM3: 20.2
A4: 3 | B4: LeBron James | C4: 40 | D4: SF | E4: 70 | F4: 70 | G4: 34.9 | H4: 9.3 | I4: 18.1 | J4: 0.513 | K4: 2.1 | L4: 5.7 | M4: 0.376 | N4: 7.2 | O4: 12.5 | P4: 0.574 | Q4: 0.571 | R4: 3.7 | S4: 4.7 | T4: 0.782 | U4: 1 | V4: 6.8 | W4: 7.8 | X4: 8.2 | Y4: 1 | Z4: 0.6 | AA4: =SUM(Worksheet[[#This Row],[STL]:[BLK]])/2 -> 0.8 | AB4: 3.7 | AC4: 1.4 | AD4: 24.4 | AE4: MVP-6,CPOY-7,AS,NBA2 | AG4: LeBron James | AH4: 0.513 | AI4: 0.376 | AJ4: 7.8 | AK4: 8.2 | AL4: 0.8 | AM4: 24.4 | AN4: MVP-6,CPOY-7,AS,NBA2
A5: 4 | B5: Anthony Davis | C5: 31 | D5: C | E5: 42 | F5: 42 | G5: 34.3 | H5: 9.5 | I5: 18 | J5: 0.528 | K5: 0.7 | L5: 2.2 | M5: 0.298 | N5: 8.9 | O5: 15.8 | P5: 0.56 | Q5: 0.546 | R5: 6 | S5: 7.6 | T5: 0.788 | U5: 2.8 | V5: 9 | W5: 11.9 | X5: 3.4 | Y5: 1.3 | Z5: 2.1 | AA5: =SUM(Worksheet[[#This Row],[STL]:[BLK]])/2 -> 1.7 | AB5: 2.2 | AC5: 2 | AD5: 25.7 | AE5: AS | AG5: Anthony Davis | AH5: 0.528 | AI5: 0.298 | AJ5: 11.9 | AK5: 3.4 | AL5: 1.7 | AM5: 25.7 | AN5: AS
A6: 5 | B6: Rui Hachimura | C6: 26 | D6: PF | E6: 59 | F6: 57 | G6: 31.7 | H6: 5 | I6: 9.8 | J6: 0.509 | K6: 1.7 | L6: 4.2 | M6: 0.413 | N6: 3.2 | O6: 5.6 | P6: 0.581 | Q6: 0.597 | R6: 1.5 | S6: 1.9 | T6: 0.77 | U6: 1.3 | V6: 3.7 | W6: 5 | X6: 1.4 | Y6: 0.8 | Z6: 0.4 | AA6: =SUM(Worksheet[[#This Row],[STL]:[BLK]])/2 -> 0.6 | AB6: 0.8 | AC6: 1.8 | AD6: 13.1 | AG6: Rui Hachimura | AH6: 0.509 | AI6: 0.413 | AJ6: 5 | AK6: 1.4 | AL6: 0.6 | AM6: 13.1
A7: 6 | B7: Dorian Finney-Smith | C7: 31 | D7: PF | E7: 43 | F7: 20 | G7: 28.8 | H7: 2.8 | I7: 6.4 | J7: 0.442 | K7: 1.9 | L7: 4.8 | M7: 0.398 | N7: 0.9 | O7: 1.6 | P7: 0.571 | Q7: 0.591 | R7: 0.3 | S7: 0.5 | T7: 0.714 | U7: 1.1 | V7: 2.5 | W7: 3.6 | X7: 1.4 | Y7: 0.9 | Z7: 0.3 | AA7: =SUM(Worksheet[[#This Row],[STL]:[BLK]])/2 -> 0.6 | AB7: 0.9 | AC7: 1.9 | AD7: 7.9 | AG7: Dorian Finney-Smith | AH7: 0.442 | AI7: 0.398 | AJ7: 3.6 | AK7: 1.4 | AL7: 0.6 | AM7: 7.9
A8: 7 | B8: D'Angelo Russell | C8: 28 | D8: PG | E8: 29 | F8: 10 | G8: 26.3 | H8: 4.4 | I8: 10.7 | J8: 0.415 | K8: 1.9 | L8: 5.8 | M8: 0.333 | N8: 2.5 | O8: 4.9 | P8: 0.51 | Q8: 0.505 | R8: 1.6 | S8: 1.8 | T8: 0.849 | U8: 0.3 | V8: 2.5 | W8: 2.8 | X8: 4.7 | Y8: 0.8 | Z8: 0.1 | AA8: =SUM(Worksheet[[#This Row],[STL]:[BLK]])/2 -> 0.45 | AB8: 1.7 | AC8: 1.8 | AD8: 12.4 | AG8: D'Angelo Russell | AH8: 0.415 | AI8: 0.333 | AJ8: 2.8 | AK8: 4.7 | AL8: 0.45 | AM8: 12.4
A9: 8 | B9: Max Christie | C9: 21 | D9: SG | E9: 46 | F9: 25 | G9: 25.1 | H9: 2.8 | I9: 6.3 | J9: 0.444 | K9: 1.3 | L9: 3.5 | M9: 0.368 | N9: 1.5 | O9: 2.7 | P9: 0.544 | Q9: 0.549 | R9: 1.6 | S9: 1.9 | T9: 0.851 | U9: 0.5 | V9: 2.1 | W9: 2.7 | X9: 1.4 | Y9: 0.8 | Z9: 0.5 | AA9: =SUM(Worksheet[[#This Row],[STL]:[BLK]])/2 -> 0.65 | AB9: 0.8 | AC9: 1.6 | AD9: 8.5 | AG9: Max Christie | AH9: 0.444 | AI9: 0.368 | AJ9: 2.7 | AK9: 1.4 | AL9: 0.65 | AM9: 8.5
A10: 9 | B10: Gabe Vincent | C10: 28 | D10: PG | E10: 72 | F10: 11 | G10: 21.2 | H10: 2.3 | I10: 5.8 | J10: 0.4 | K10: 1.5 | L10: 4.3 | M10: 0.353 | N10: 0.8 | O10: 1.5 | P10: 0.532 | Q10: 0.53 | R10: 0.2 | S10: 0.3 | T10: 0.714 | U10: 0.3 | V10: 1 | W10: 1.3 | X10: 1.4 | Y10: 0.7 | Z10: 0.2 | AA10: =SUM(Worksheet[[#This Row],[STL]:[BLK]])/2 -> 0.45 | AB10: 0.6 | AC10: 2.1 | AD10: 6.4 | AG10: Gabe Vincent | AH10: 0.4 | AI10: 0.353 | AJ10: 1.3 | AK10: 1.4 | AL10: 0.45 | AM10: 6.4
A11: 10 | B11: Jaxson Hayes | C11: 24 | D11: C | E11: 56 | F11: 35 | G11: 19.5 | H11: 2.9 | I11: 4 | J11: 0.722 | K11: 0 | L11: 0.1 | M11: 0 | N11: 2.9 | O11: 3.9 | P11: 0.732 | Q11: 0.722 | R11: 1.1 | S11: 1.8 | T11: 0.622 | U11: 1.4 | V11: 3.4 | W11: 4.8 | X11: 1 | Y11: 0.6 | Z11: 0.9 | AA11: =SUM(Worksheet[[#This Row],[STL]:[BLK]])/2 -> 0.75 | AB11: 0.8 | AC11: 2.4 | AD11: 6.8 | AG11: Jaxson Hayes | AH11: 0.722 | AI11: 0 | AJ11: 4.8 | AK11: 1 | AL11: 0.75 | AM11: 6.8
A12: 11 | B12: Dalton Knecht | C12: 23 | D12: SF | E12: 78 | F12: 16 | G12: 19.2 | H12: 3.3 | I12: 7.1 | J12: 0.461 | K12: 1.6 | L12: 4.4 | M12: 0.376 | N12: 1.7 | O12: 2.8 | P12: 0.594 | Q12: 0.576 | R12: 0.8 | S12: 1.1 | T12: 0.762 | U12: 0.5 | V12: 2.3 | W12: 2.8 | X12: 0.8 | Y12: 0.3 | Z12: 0.1 | AA12: =SUM(Worksheet[[#This Row],[STL]:[BLK]])/2 -> 0.2 | AB12: 0.5 | AC12: 1.2 | AD12: 9.1 | AG12: Dalton Knecht | AH12: 0.461 | AI12: 0.376 | AJ12: 2.8 | AK12: 0.8 | AL12: 0.2 | AM12: 9.1
A13: 12 | B13: Jordan Goodwin | C13: 26 | D13: PG | E13: 29 | F13: 5 | G13: 18.7 | H13: 2.2 | I13: 5 | J13: 0.438 | K13: 0.9 | L13: 2.3 | M13: 0.382 | N13: 1.3 | O13: 2.6 | P13: 0.487 | Q13: 0.528 | R13: 0.3 | S13: 0.4 | T13: 0.818 | U13: 1.3 | V13: 2.6 | W13: 3.9 | X13: 1.4 | Y13: 1 | Z13: 0.4 | AA13: =SUM(Worksheet[[#This Row],[STL]:[BLK]])/2 -> 0.7 | AB13: 0.9 | AC13: 1.5 | AD13: 5.6 | AG13: Jordan Goodwin | AH13: 0.438 | AI13: 0.382 | AJ13: 3.9 | AK13: 1.4 | AL13: 0.7 | AM13: 5.6
A14: 13 | B14: Cam Reddish | C14: 25 | D14: SF | E14: 33 | F14: 8 | G14: 17.8 | H14: 1.2 | I14: 2.8 | J14: 0.404 | K14: 0.4 | L14: 1.4 | M14: 0.277 | N14: 0.8 | O14: 1.4 | P14: 0.532 | Q14: 0.473 | R14: 0.5 | S14: 0.8 | T14: 0.615 | U14: 0.5 | V14: 1.5 | W14: 2 | X14: 0.7 | Y14: 1 | Z14: 0.3 | AA14: =SUM(Worksheet[[#This Row],[STL]:[BLK]])/2 -> 0.65 | AB14: 0.4 | AC14: 1.3 | AD14: 3.2 | AG14: Cam Reddish | AH14: 0.404 | AI14: 0.277 | AJ14: 2 | AK14: 0.7 | AL14: 0.65 | AM14: 3.2
A15: 14 | B15: Jarred Vanderbilt | C15: 25 | D15: PF | E15: 36 | F15: 2 | G15: 16.1 | H15: 1.6 | I15: 3.4 | J15: 0.488 | K15: 0.3 | L15: 0.9 | M15: 0.281 | N15: 1.4 | O15: 2.5 | P15: 0.562 | Q15: 0.525 | R15: 0.6 | S15: 1 | T15: 0.556 | U15: 1.9 | V15: 3.2 | W15: 5.1 | X15: 1.1 | Y15: 1 | Z15: 0.3 | AA15: =SUM(Worksheet[[#This Row],[STL]:[BLK]])/2 -> 0.65 | AB15: 0.8 | AC15: 1.9 | AD15: 4.1 | AG15: Jarred Vanderbilt | AH15: 0.488 | AI15: 0.281 | AJ15: 5.1 | AK15: 1.1 | AL15: 0.65 | AM15: 4.1
A16: 15 | B16: Markieff Morris | C16: 35 | D16: PF | E16: 8 | F16: 2 | G16: 15.5 | H16: 2 | I16: 6 | J16: 0.333 | K16: 0.9 | L16: 2.9 | M16: 0.304 | N16: 1.1 | O16: 3.1 | P16: 0.36 | Q16: 0.406 | R16: 0.6 | S16: 0.8 | T16: 0.833 | U16: 0.4 | V16: 1.5 | W16: 1.9 | X16: 2.1 | Y16: 0.1 | Z16: 0.3 | AA16: =SUM(Worksheet[[#This Row],[STL]:[BLK]])/2 -> 0.2 | AB16: 0.4 | AC16: 1.8 | AD16: 5.5 | AG16: Markieff Morris | AH16: 0.333 | AI16: 0.304 | AJ16: 1.9 | AK16: 2.1 | AL16: 0.2 | AM16: 5.5
A17: 16 | B17: Alex Len | C17: 31 | D17: C | E17: 10 | F17: 4 | G17: 12.2 | H17: 1 | I17: 2.2 | J17: 0.455 | K17: 0.1 | L17: 0.3 | M17: 0.333 | N17: 0.9 | O17: 1.9 | P17: 0.474 | Q17: 0.477 | R17: 0.1 | S17: 0.4 | T17: 0.25 | U17: 1.3 | V17: 1.8 | W17: 3.1 | X17: 0.8 | Y17: 0.1 | Z17: 0.3 | AA17: =SUM(Worksheet[[#This Row],[STL]:[BLK]])/2 -> 0.2 | AB17: 0.9 | AC17: 2.1 | AD17: 2.2 | AG17: Alex Len | AH17: 0.455 | AI17: 0.333 | AJ17: 3.1 | AK17: 0.8 | AL17: 0.2 | AM17: 2.2
A18: 17 | B18: Shake Milton | C18: 28 | D18: SG | E18: 30 | F18: 1 | G18: 11.5 | H18: 1.4 | I18: 3.2 | J18: 0.433 | K18: 0.3 | L18: 1.1 | M18: 0.294 | N18: 1.1 | O18: 2.1 | P18: 0.508 | Q18: 0.485 | R18: 0.7 | S18: 0.9 | T18: 0.846 | U18: 0.5 | V18: 1.3 | W18: 1.8 | X18: 1.3 | Y18: 0.3 | Z18: 0.1 | AA18: =SUM(Worksheet[[#This Row],[STL]:[BLK]])/2 -> 0.2 | AB18: 0.7 | AC18: 0.8 | AD18: 3.9 | AG18: Shake Milton | AH18: 0.433 | AI18: 0.294 | AJ18: 1.8 | AK18: 1.3 | AL18: 0.2 | AM18: 3.9
A19: 18 | B19: Trey Jemison | C19: 25 | D19: C | E19: 22 | F19: 0 | G19: 10.3 | H19: 1.2 | I19: 1.9 | J19: 0.619 | K19: 0 | L19: 0 | N19: 1.2 | O19: 1.9 | P19: 0.619 | Q19: 0.619 | R19: 0.2 | S19: 0.5 | T19: 0.417 | U19: 1 | V19: 1.8 | W19: 2.8 | X19: 0.3 | Y19: 0.1 | Z19: 0.4 | AA19: =SUM(Worksheet[[#This Row],[STL]:[BLK]])/2 -> 0.25 | AB19: 0.6 | AC19: 1.9 | AD19: 2.6 | AG19: Trey Jemison | AH19: 0.619 | AJ19: 2.8 | AK19: 0.3 | AL19: 0.25 | AM19: 2.6
A20: 19 | B20: Christian Koloko | C20: 24 | D20: C | E20: 37 | F20: 0 | G20: 9.2 | H20: 1.1 | I20: 1.8 | J20: 0.606 | K20: 0 | L20: 0.1 | M20: 0 | N20: 1.1 | O20: 1.7 | P20: 0.645 | Q20: 0.606 | R20: 0.3 | S20: 0.4 | T20: 0.714 | U20: 0.9 | V20: 1.5 | W20: 2.5 | X20: 0.4 | Y20: 0.2 | Z20: 0.4 | AA20: =SUM(Worksheet[[#This Row],[STL]:[BLK]])/2 -> 0.3 | AB20: 0.3 | AC20: 1.2 | AD20: 2.4 | AG20: Christian Koloko | AH20: 0.606 | AI20: 0 | AJ20: 2.5 | AK20: 0.4 | AL20: 0.3 | AM20: 2.4
A21: 20 | B21: Armel Traoré | C21: 22 | D21: SF | E21: 9 | F21: 0 | G21: 7.4 | H21: 0.7 | I21: 2.1 | J21: 0.316 | K21: 0 | L21: 0.8 | M21: 0 | N21: 0.7 | O21: 1.3 | P21: 0.5 | Q21: 0.316 | R21: 0.2 | S21: 0.8 | T21: 0.286 | U21: 0.2 | V21: 1.4 | W21: 1.7 | X21: 0.1 | Y21: 0.4 | Z21: 0.2 | AA21: =SUM(Worksheet[[#This Row],[STL]:[BLK]])/2 -> 0.3 | AB21: 0.3 | AC21: 0.7 | AD21: 1.6 | AG21: Armel Traoré | AH21: 0.316 | AI21: 0 | AJ21: 1.7 | AK21: 0.1 | AL21: 0.3 | AM21: 1.6
A22: 21 | B22: Jalen Hood-Schifino | C22: 21 | D22: SG | E22: 2 | F22: 0 | G22: 7 | H22: 0.5 | I22: 0.5 | J22: 1 | K22: 0 | L22: 0 | N22: 0.5 | O22: 0.5 | P22: 1 | Q22: 1 | R22: 1 | S22: 1 | T22: 1 | U22: 0.5 | V22: 0 | W22: 0.5 | X22: 0.5 | Y22: 0 | Z22: 0.5 | AA22: =SUM(Worksheet[[#This Row],[STL]:[BLK]])/2 -> 0.25 | AB22: 0.5 | AC22: 1.5 | AD22: 2 | AG22: Jalen Hood-Schifino | AH22: 1 | AJ22: 0.5 | AK22: 0.5 | AL22: 0.25 | AM22: 2
A23: 22 | B23: Bronny James | C23: 20 | D23: SG | E23: 27 | F23: 1 | G23: 6.7 | H23: 0.8 | I23: 2.5 | J23: 0.313 | K23: 0.3 | L23: 1.2 | M23: 0.281 | N23: 0.4 | O23: 1.3 | P23: 0.343 | Q23: 0.381 | R23: 0.4 | S23: 0.5 | T23: 0.786 | U23: 0.1 | V23: 0.5 | W23: 0.7 | X23: 0.8 | Y23: 0.3 | Z23: 0.1 | AA23: =SUM(Worksheet[[#This Row],[STL]:[BLK]])/2 -> 0.2 | AB23: 0.5 | AC23: 0.5 | AD23: 2.3 | AG23: Bronny James | AH23: 0.313 | AI23: 0.281 | AJ23: 0.7 | AK23: 0.8 | AL23: 0.2 | AM23: 2.3
A24: 23 | B24: Quincy Olivari | C24: 23 | D24: PG | E24: 2 | F24: 0 | G24: 5 | H24: 0.5 | I24: 2.5 | J24: 0.2 | K24: 0.5 | L24: 2.5 | M24: 0.2 | N24: 0 | O24: 0 | Q24: 0.3 | R24: 0 | S24: 0 | U24: 0 | V24: 0 | W24: 0 | X24: 0.5 | Y24: 0 | Z24: 0 | AA24: =SUM(Worksheet[[#This Row],[STL]:[BLK]])/2 -> 0 | AB24: 0.5 | AC24: 0 | AD24: 1.5 | AG24: Quincy Olivari | AH24: 0.2 | AI24: 0.2 | AJ24: 0 | AK24: 0.5 | AL24: 0 | AM24: 1.5
A25: 24 | B25: Maxwell Lewis | C25: 22 | D25: SF | E25: 7 | F25: 0 | G25: 4.1 | H25: 0.3 | I25: 0.9 | J25: 0.333 | K25: 0 | L25: 0 | N25: 0.3 | O25: 0.9 | P25: 0.333 | Q25: 0.333 | R25: 0 | S25: 0 | U25: 0.3 | V25: 0 | W25: 0.3 | X25: 0.3 | Y25: 0.1 | Z25: 0 | AA25: =SUM(Worksheet[[#This Row],[STL]:[BLK]])/2 -> 0.05 | AB25: 0.3 | AC25: 0.1 | AD25: 0.6 | AG25: Maxwell Lewis | AH25: 0.333 | AJ25: 0.3 | AK25: 0.3 | AL25: 0.05 | AM25: 0.6

Sheet Luka_24_25_Regular_Playoffs
A1: Rk | B1: Gtm | C1: Date | D1: Season Type | E1: Team | F1: @ | G1: Opp | H1: W/L | I1: SCORE | J1: GS | K1: MP | L1: FG | M1: FGA | N1: FG% | O1: 3P | P1: 3PA | Q1: 3P% | R1: 2P | S1: 2PA | T1: 2P% | U1: eFG% | V1: FT | W1: FTA | X1: FT% | Y1: ORB | Z1: DRB | AA1: TRB | AB1: AST | AC1: STL | AD1: BLK | AE1: TOV | AF1: PF | AG1: PTS | AH1: GmSc | AI1: +/-
A2: 1 | B2: 1 | C2: 45589 | D2: REGULAR | E2: DAL | G2: SAS | H2: W | I2: 120-109 | J2: * | K2: 36.266667 | L2: 9 | M2: 25 | N2: 0.36 | O2: 4 | P2: 11 | Q2: 0.364 | R2: 5 | S2: 14 | T2: 0.357 | U2: 0.44 | V2: 6 | W2: 8 | X2: 0.75 | Y2: 1 | Z2: 9 | AA2: 10 | AB2: 8 | AC2: 1 | AD2: 1 | AE2: 4 | AF2: 3 | AG2: 28 | AH2: 18.8 | AI2: 6
A3: 2 | B3: 2 | C3: 45591 | D3: REGULAR | E3: DAL | F3: @ | G3: PHO | H3: L | I3: 102-114 | J3: * | K3: 39.4 | L3: 12 | M3: 25 | N3: 0.48 | O3: 5 | P3: 13 | Q3: 0.385 | R3: 7 | S3: 12 | T3: 0.583 | U3: 0.58 | V3: 11 | W3: 12 | X3: 0.917 | Y3: 1 | Z3: 9 | AA3: 10 | AB3: 4 | AC3: 0 | AD3: 1 | AE3: 2 | AF3: 4 | AG3: 40 | AH3: 30.2 | AI3: -12
A4: 3 | B4: 3 | C4: 45593 | D4: REGULAR | E4: DAL | G4: UTA | H4: W | I4: 110-102 | J4: * | K4: 33.2 | L4: 5 | M4: 22 | N4: 0.227 | O4: 1 | P4: 9 | Q4: 0.111 | R4: 4 | S4: 13 | T4: 0.308 | U4: 0.25 | V4: 4 | W4: 6 | X4: 0.667 | Y4: 0 | Z4: 9 | AA4: 9 | AB4: 8 | AC4: 2 | AD4: 1 | AE4: 2 | AF4: 5 | AG4: 15 | AH4: 7.8 | AI4: 5
A5: 4 | B5: 4 | C5: 45594 | D5: REGULAR | E5: DAL | F5: @ | G5: MIN | H5: W | I5: 120-114 | J5: * | K5: 40.15 | L5: 10 | M5: 27 | N5: 0.37 | O5: 1 | P5: 8 | Q5: 0.125 | R5: 9 | S5: 19 | T5: 0.474 | U5: 0.389 | V5: 3 | W5: 4 | X5: 0.75 | Y5: 1 | Z5: 7 | AA5: 8 | AB5: 8 | AC5: 1 | AD5: 0 | AE5: 3 | AF5: 2 | AG5: 24 | AH5: 14.3 | AI5: 3
A6: 5 | B6: 5 | C6: 45596 | D6: REGULAR | E6: DAL | G6: HOU | H6: L | I6: 102-108 | J6: * | K6: 37.516667 | L6: 12 | M6: 25 | N6: 0.48 | O6: 3 | P6: 7 | Q6: 0.429 | R6: 9 | S6: 18 | T6: 0.5 | U6: 0.54 | V6: 2 | W6: 4 | X6: 0.5 | Y6: 0 | Z6: 5 | AA6: 5 | AB6: 2 | AC6: 1 | AD6: 0 | AE6: 1 | AF6: 5 | AG6: 29 | AH6: 16.4 | AI6: -2
A7: 6 | B7: 6 | C7: 45599 | D7: REGULAR | E7: DAL | G7: ORL | H7: W | I7: 108-85 | J7: * | K7: 31.716667 | L7: 11 | M7: 22 | N7: 0.5 | O7: 5 | P7: 13 | Q7: 0.385 | R7: 6 | S7: 9 | T7: 0.667 | U7: 0.614 | V7: 5 | W7: 7 | X7: 0.714 | Y7: 1 | Z7: 8 | AA7: 9 | AB7: 7 | AC7: 0 | AD7: 0 | AE7: 4 | AF7: 3 | AG7: 32 | AH7: 23 | AI7: 21
A8: 7 | B8: 7 | C8: 45600 | D8: REGULAR | E8: DAL | G8: IND | H8: L | I8: 127-134 | J8: * | K8: 42.35 | L8: 9 | M8: 24 | N8: 0.375 | O8: 4 | P8: 10 | Q8: 0.4 | R8: 5 | S8: 14 | T8: 0.357 | U8: 0.458 | V8: 12 | W8: 15 | X8: 0.8 | Y8: 0 | Z8: 7 | AA8: 7 | AB8: 15 | AC8: 2 | AD8: 0 | AE8: 2 | AF8: 3 | AG8: 34 | AH8: 31 | AI8: -3
A9: 8 | B9: 8 | C9: 45602 | D9: REGULAR | E9: DAL | G9: CHI | H9: W | I9: 119-99 | J9: * | K9: 32.316667 | L9: 8 | M9: 19 | N9: 0.421 | O9: 3 | P9: 8 | Q9: 0.375 | R9: 5 | S9: 11 | T9: 0.455 | U9: 0.5 | V9: 8 | W9: 9 | X9: 0.889 | Y9: 0 | Z9: 7 | AA9: 7 | AB9: 13 | AC9: 4 | AD9: 0 | AE9: 5 | AF9: 3 | AG9: 27 | AH9: 25.5 | AI9: 35
A10: 9 | B10: 9 | C10: 45604 | D10: REGULAR | E10: DAL | G10: PHO | H10: L | I10: 113-114 | J10: * | K10: 42.183333 | L10: 11 | M10: 25 | N10: 0.44 | O10: 5 | P10: 12 | Q10: 0.417 | R10: 6 | S10: 13 | T10: 0.462 | U10: 0.54 | V10: 3 | W10: 3 | X10: 1 | Y10: 0 | Z10: 7 | AA10: 7 | AB10: 7 | AC10: 1 | AD10: 0 | AE10: 3 | AF10: 3 | AG10: 30 | AH10: 20.7 | AI10: -4
A11: 10 | B11: 10 | C11: 45606 | D11: REGULAR | E11: DAL | F11: @ | G11: DEN | H11: L | I11: 120-122 | J11: * | K11: 40.85 | L11: 9 | M11: 19 | N11: 0.474 | O11: 2 | P11: 8 | Q11: 0.25 | R11: 7 | S11: 11 | T11: 0.636 | U11: 0.526 | V11: 4 | W11: 6 | X11: 0.667 | Y11: 1 | Z11: 8 | AA11: 9 | AB11: 9 | AC11: 1 | AD11: 1 | AE11: 5 | AF11: 2 | AG11: 24 | AH11: 18.8 | AI11: 5
A12: 11 | B12: 11 | C12: 45608 | D12: REGULAR | E12: DAL | F12: @ | G12: GSW | H12: L | I12: 117-120 | J12: * | K12: 41.083333 | L12: 13 | M12: 27 | N12: 0.481 | O12: 2 | P12: 10 | Q12: 0.2 | R12: 11 | S12: 17 | T12: 0.647 | U12: 0.519 | V12: 3 | W12: 3 | X12: 1 | Y12: 0 | Z12: 8 | AA12: 8 | AB12: 6 | AC12: 3 | AD12: 0 | AE12: 5 | AF12: 2 | AG12: 31 | AH12: 21.1 | AI12: 2
A13: 12 | B13: 12 | C13: 45610 | D13: REGULAR | E13: DAL | F13: @ | G13: UTA | H13: L | I13: 113-115 | J13: * | K13: 38.066667 | L13: 13 | M13: 25 | N13: 0.52 | O13: 4 | P13: 13 | Q13: 0.308 | R13: 9 | S13: 12 | T13: 0.75 | U13: 0.6 | V13: 7 | W13: 7 | X13: 1 | Y13: 1 | Z13: 6 | AA13: 7 | AB13: 9 | AC13: 1 | AD13: 0 | AE13: 3 | AF13: 0 | AG13: 37 | AH13: 31.5 | AI13: -8
A14: 13 | B14: 13 | C14: 45612 | D14: REGULAR | E14: DAL | G14: SAS | H14: W | I14: 110-93 | J14: * | K14: 28.4 | L14: 6 | M14: 16 | N14: 0.375 | O14: 3 | P14: 9 | Q14: 0.333 | R14: 3 | S14: 7 | T14: 0.429 | U14: 0.469 | V14: 1 | W14: 3 | X14: 0.333 | Y14: 2 | Z14: 4 | AA14: 6 | AB14: 6 | AC14: 2 | AD14: 0 | AE14: 4 | AF14: 4 | AG14: 16 | AH14: 9.6 | AI14: 15
A15: 13 | B15: 14 | C15: 45613 | D15: REGULAR | E15: DAL | F15: @ | G15: OKC | H15: W | I15: 121-119 | J15: Inactive | K15: 0
A16: 14 | B16: 15 | C16: 45615 | D16: REGULAR | E16: DAL | G16: NOP | H16: W | I16: 132-91 | J16: * | K16: 29.616667 | L16: 10 | M16: 16 | N16: 0.625 | O16: 3 | P16: 8 | Q16: 0.375 | R16: 7 | S16: 8 | T16: 0.875 | U16: 0.719 | V16: 3 | W16: 5 | X16: 0.6 | Y16: 0 | Z16: 5 | AA16: 5 | AB16: 5 | AC16: 3 | AD16: 1 | AE16: 3 | AF16: 0 | AG16: 26 | AH16: 23.7 | AI16: 28
A17: 14 | B17: 16 | C17: 45618 | D17: REGULAR | E17: DAL | F17: @ | G17: DEN | H17: W | I17: 123-120 | J17: Inactive | K17: 0
A18: 14 | B18: 17 | C18: 45620 | D18: REGULAR | E18: DAL | F18: @ | G18: MIA | H18: L | I18: 118-123 (OT) | J18: Inactive | K18: 0
A19: 14 | B19: 18 | C19: 45621 | D19: REGULAR | E19: DAL | F19: @ | G19: ATL | H19: W | I19: 129-119 | J19: Inactive | K19: 0
A20: 14 | B20: 19 | C20: 45623 | D20: REGULAR | E20: DAL | G20: NYK | H20: W | I20: 129-114 | J20: Inactive | K20: 0
A21: 14 | B21: 20 | C21: 45626 | D21: REGULAR | E21: DAL | F21: @ | G21: UTA | H21: W | I21: 106-94 | J21: Inactive | K21: 0
A22: 15 | B22: 21 | C22: 45627 | D22: REGULAR | E22: DAL | F22: @ | G22: POR | H22: W | I22: 137-131 | J22: * | K22: 36.283333 | L22: 15 | M22: 24 | N22: 0.625 | O22: 4 | P22: 10 | Q22: 0.4 | R22: 11 | S22: 14 | T22: 0.786 | U22: 0.708 | V22: 2 | W22: 4 | X22: 0.5 | Y22: 0 | Z22: 7 | AA22: 7 | AB22: 13 | AC22: 3 | AD22: 0 | AE22: 3 | AF22: 2 | AG22: 36 | AH22: 34.8 | AI22: 1
A23: 16 | B23: 22 | C23: 45629 | D23: REGULAR | E23: DAL | G23: MEM | H23: W | I23: 121-116 | J23: * | K23: 40.466667 | L23: 11 | M23: 22 | N23: 0.5 | O23: 5 | P23: 9 | Q23: 0.556 | R23: 6 | S23: 13 | T23: 0.462 | U23: 0.614 | V23: 10 | W23: 16 | X23: 0.625 | Y23: 3 | Z23: 9 | AA23: 12 | AB23: 4 | AC23: 4 | AD23: 1 | AE23: 3 | AF23: 4 | AG23: 37 | AH23: 31.3 | AI23: 16
A24: 17 | B24: 23 | C24: 45631 | D24: REGULAR | E24: DAL | F24: @ | G24: WAS | H24: W | I24: 137-101 | J24: * | K24: 32.4 | L24: 7 | M24: 17 | N24: 0.412 | O24: 3 | P24: 10 | Q24: 0.3 | R24: 4 | S24: 7 | T24: 0.571 | U24: 0.5 | V24: 4 | W24: 5 | X24: 0.8 | Y24: 0 | Z24: 10 | AA24: 10 | AB24: 10 | AC24: 2 | AD24: 1 | AE24: 4 | AF24: 2 | AG24: 21 | AH24: 19.4 | AI24: 36
A25: 18 | B25: 24 | C25: 45633 | D25: REGULAR | E25: DAL | F25: @ | G25: TOR | H25: W | I25: 125-118 | J25: * | K25: 38.233333 | L25: 9 | M25: 20 | N25: 0.45 | O25: 6 | P25: 13 | Q25: 0.462 | R25: 3 | S25: 7 | T25: 0.429 | U25: 0.6 | V25: 6 | W25: 6 | X25: 1 | Y25: 0 | Z25: 13 | AA25: 13 | AB25: 11 | AC25: 4 | AD25: 0 | AE25: 4 | AF25: 4 | AG25: 30 | AH25: 29.6 | AI25: 10
A26: 19 | B26: 25 | C26: 45636 | D26: REGULAR | E26: DAL | F26: @ | G26: OKC | H26: L | I26: 104-118 | J26: * | K26: 40.166667 | L26: 5 | M26: 15 | N26: 0.333 | O26: 2 | P26: 8 | Q26: 0.25 | R26: 3 | S26: 7 | T26: 0.429 | U26: 0.4 | V26: 4 | W26: 5 | X26: 0.8 | Y26: 1 | Z26: 10 | AA26: 11 | AB26: 5 | AC26: 4 | AD26: 0 | AE26: 6 | AF26: 3 | AG26: 16 | AH26: 11.1 | AI26: -14
A27: 20 | B27: 26 | C27: 45641 | D27: REGULAR | E27: DAL | F27: @ | G27: GSW | H27: W | I27: 143-133 | J27: * | K27: 37.85 | L27: 16 | M27: 23 | N27: 0.696 | O27: 6 | P27: 11 | Q27: 0.545 | R27: 10 | S27: 12 | T27: 0.833 | U27: 0.826 | V27: 7 | W27: 9 | X27: 0.778 | Y27: 2 | Z27: 9 | AA27: 11 | AB27: 13 | AC27: 3 | AD27: 2 | AE27: 3 | AF27: 1 | AG27: 45 | AH27: 48.7 | AI27: 18
A28: 20 | B28: 27 | C28: 45645 | D28: REGULAR | E28: DAL | G28: LAC | H28: L | I28: 95-118 | J28: Inactive | K28: 0
A29: 20 | B29: 28 | C29: 45647 | D29: REGULAR | E29: DAL | G29: LAC | H29: W | I29: 113-97 | J29: Inactive | K29: 0
A30: 21 | B30: 29 | C30: 45649 | D30: REGULAR | E30: DAL | G30: POR | H30: W | I30: 132-108 | J30: * | K30: 29.783333 | L30: 10 | M30: 19 | N30: 0.526 | O30: 1 | P30: 7 | Q30: 0.143 | R30: 9 | S30: 12 | T30: 0.75 | U30: 0.553 | V30: 6 | W30: 8 | X30: 0.75 | Y30: 1 | Z30: 6 | AA30: 7 | AB30: 7 | AC30: 1 | AD30: 0 | AE30: 3 | AF30: 2 | AG30: 27 | AH30: 21.5 | AI30: 16
A31: 22 | B31: 30 | C31: 45651 | D31: REGULAR | E31: DAL | G31: MIN | H31: L | I31: 99-105 | J31: * | K31: 16.216667 | L31: 5 | M31: 9 | N31: 0.556 | O31: 3 | P31: 5 | Q31: 0.6 | R31: 2 | S31: 4 | T31: 0.5 | U31: 0.722 | V31: 1 | W31: 1 | X31: 1 | Y31: 1 | Z31: 4 | AA31: 5 | AB31: 2 | AC31: 1 | AD31: 0 | AE31: 3 | AF31: 1 | AG31: 14 | AH31: 10.6 | AI31: -6
A32: 22 | B32: 31 | C32: 45653 | D32: REGULAR | E32: DAL | F32: @ | G32: PHO | H32: W | I32: 98-89 | J32: Inactive | K32: 0
A33: 22 | B33: 32 | C33: 45654 | D33: REGULAR | E33: DAL | F33: @ | G33: POR | H33: L | I33: 122-126 | J33: Inactive | K33: 0
A34: 22 | B34: 33 | C34: 45656 | D34: REGULAR | E34: DAL | F34: @ | G34: SAC | H34: L | I34: 100-110 | J34: Inactive | K34: 0
A35: 22 | B35: 34 | C35: 45658 | D35: REGULAR | E35: DAL | F35: @ | G35: HOU | H35: L | I35: 99-110 | J35: Inactive | K35: 0
A36: 22 | B36: 35 | C36: 45660 | D36: REGULAR | E36: DAL | G36: CLE | H36: L | I36: 122-134 | J36: Inactive | K36: 0
A37: 22 | B37: 36 | C37: 45663 | D37: REGULAR | E37: DAL | F37: @ | G37: MEM | H37: L | I37: 104-119 | J37: Inactive | K37: 0
A38: 22 | B38: 37 | C38: 45664 | D38: REGULAR | E38: DAL | G38: LAL | H38: W | I38: 118-97 | J38: Inactive | K38: 0
A39: 22 | B39: 38 | C39: 45666 | D39: REGULAR | E39: DAL | G39: POR | H39: W | I39: 117-111 | J39: Inactive | K39: 0
A40: 22 | B40: 39 | C40: 45669 | D40: REGULAR | E40: DAL | G40: DEN | H40: L | I40: 101-112 | J40: Inactive | K40: 0
A41: 22 | B41: 40 | C41: 45671 | D41: REGULAR | E41: DAL | G41: DEN | H41: L | I41: 99-118 | J41: Inactive | K41: 0
A42: 22 | B42: 41 | C42: 45672 | D42: REGULAR | E42: DAL | F42: @ | G42: NOP | H42: L | I42: 116-119 | J42: Inactive | K42: 0
A43: 22 | B43: 42 | C43: 45674 | D43: REGULAR | E43: DAL | G43: OKC | H43: W | I43: 106-98 | J43: Inactive | K43: 0
A44: 22 | B44: 43 | C44: 45677 | D44: REGULAR | E44: DAL | F44: @ | G44: CHO | H44: L | I44: 105-110 | J44: Inactive | K44: 0
A45: 22 | B45: 44 | C45: 45679 | D45: REGULAR | E45: DAL | G45: MIN | H45: L | I45: 114-115 | J45: Inactive | K45: 0
A46: 22 | B46: 45 | C46: 45680 | D46: REGULAR | E46: DAL | F46: @ | G46: OKC | H46: W | I46: 121-115 | J46: Inactive | K46: 0
A47: 22 | B47: 46 | C47: 45682 | D47: REGULAR | E47: DAL | G47: BOS | H47: L | I47: 107-122 | J47: Inactive | K47: 0
A48: 22 | B48: 47 | C48: 45684 | D48: REGULAR | E48: DAL | G48: WAS | H48: W | I48: 130-108 | J48: Inactive | K48: 0
A49: 22 | B49: 48 | C49: 45686 | D49: REGULAR | E49: DAL | F49: @ | G49: NOP | H49: W | I49: 137-136 | J49: Inactive | K49: 0
A50: 22 | B50: 49 | C50: 45688 | D50: REGULAR | E50: DAL | F50: @ | G50: DET | H50: L | I50: 102-117 | J50: Inactive | K50: 0
A51: 22 | B51: 48 | C51: 45692 | D51: REGULAR | E51: LAL | F51: @ | G51: LAC | H51: W | I51: 122-97 | J51: Inactive | K51: 0
A52: 22 | B52: 49 | C52: 45694 | D52: REGULAR | E52: LAL | G52: GSW | H52: W | I52: 120-112 | J52: Inactive | K52: 0
A53: 22 | B53: 50 | C53: 45696 | D53: REGULAR | E53: LAL | G53: IND | H53: W | I53: 124-117 | J53: Inactive | K53: 0
A54: 23 | B54: 51 | C54: 45698 | D54: REGULAR | E54: LAL | G54: UTA | H54: W | I54: 132-113 | J54: * | K54: 23.55 | L54: 5 | M54: 14 | N54: 0.357 | O54: 1 | P54: 7 | Q54: 0.143 | R54: 4 | S54: 7 | T54: 0.571 | U54: 0.393 | V54: 3 | W54: 3 | X54: 1 | Y54: 1 | Z54: 4 | AA54: 5 | AB54: 4 | AC54: 0 | AD54: 0 | AE54: 1 | AF54: 3 | AG54: 14 | AH54: 8.7 | AI54: 15
A55: 24 | B55: 52 | C55: 45700 | D55: REGULAR | E55: LAL | F55: @ | G55: UTA | H55: L | I55: 119-131 | J55: * | K55: 23.1 | L55: 6 | M55: 13 | N55: 0.462 | O55: 3 | P55: 8 | Q55: 0.375 | R55: 3 | S55: 5 | T55: 0.6 | U55: 0.577 | V55: 1 | W55: 5 | X55: 0.2 | Y55: 1 | Z55: 3 | AA55: 4 | AB55: 4 | AC55: 1 | AD55: 1 | AE55: 5 | AF55: 5 | AG55: 16 | AH55: 6.8 | AI55: -19
A56: 25 | B56: 53 | C56: 45707 | D56: REGULAR | E56: LAL | G56: CHO | H56: L | I56: 97-100 | J56: * | K56: 33.233333 | L56: 5 | M56: 18 | N56: 0.278 | O56: 1 | P56: 9 | Q56: 0.111 | R56: 4 | S56: 9 | T56: 0.444 | U56: 0.306 | V56: 3 | W56: 4 | X56: 0.75 | Y56: 1 | Z56: 10 | AA56: 11 | AB56: 8 | AC56: 1 | AD56: 0 | AE56: 6 | AF56: 5 | AG56: 14 | AH56: 5.3 | AI56: 13
A57: 25 | B57: 54 | C57: 45708 | D57: REGULAR | E57: LAL | F57: @ | G57: POR | H57: W | I57: 110-102 | J57: Inactive | K57: 0
A58: 26 | B58: 55 | C58: 45710 | D58: REGULAR | E58: LAL | F58: @ | G58: DEN | H58: W | I58: 123-100 | J58: * | K58: 30.633333 | L58: 10 | M58: 22 | N58: 0.455 | O58: 4 | P58: 9 | Q58: 0.444 | R58: 6 | S58: 13 | T58: 0.462 | U58: 0.545 | V58: 8 | W58: 8 | X58: 1 | Y58: 1 | Z58: 9 | AA58: 10 | AB58: 7 | AC58: 4 | AD58: 1 | AE58: 1 | AF58: 0 | AG58: 32 | AH58: 32.6 | AI58: 20
A59: 27 | B59: 56 | C59: 45713 | D59: REGULAR | E59: LAL | G59: DAL | H59: W | I59: 107-99 | J59: * | K59: 35.3 | L59: 6 | M59: 17 | N59: 0.353 | O59: 1 | P59: 7 | Q59: 0.143 | R59: 5 | S59: 10 | T59: 0.5 | U59: 0.382 | V59: 6 | W59: 8 | X59: 0.75 | Y59: 2 | Z59: 13 | AA59: 15 | AB59: 12 | AC59: 3 | AD59: 2 | AE59: 2 | AF59: 2 | AG59: 19 | AH59: 24 | AI59: 8
A60: 28 | B60: 57 | C60: 45715 | D60: REGULAR | E60: LAL | G60: MIN | H60: W | I60: 111-102 | J60: * | K60: 35.766667 | L60: 6 | M60: 20 | N60: 0.3 | O60: 1 | P60: 9 | Q60: 0.111 | R60: 5 | S60: 11 | T60: 0.455 | U60: 0.325 | V60: 8 | W60: 12 | X60: 0.667 | Y60: 2 | Z60: 11 | AA60: 13 | AB60: 5 | AC60: 0 | AD60: 0 | AE60: 3 | AF60: 2 | AG60: 21 | AH60: 12.2 | AI60: 0
A61: 29 | B61: 58 | C61: 45716 | D61: REGULAR | E61: LAL | G61: LAC | H61: W | I61: 106-102 | J61: * | K61: 35.1 | L61: 9 | M61: 22 | N61: 0.409 | O61: 3 | P61: 9 | Q61: 0.333 | R61: 6 | S61: 13 | T61: 0.462 | U61: 0.477 | V61: 10 | W61: 11 | X61: 0.909 | Y61: 1 | Z61: 1 | AA61: 2 | AB61: 5 | AC61: 3 | AD61: 0 | AE61: 6 | AF61: 5 | AG61: 31 | AH61: 18.3 | AI61: -13
A62: 30 | B62: 59 | C62: 45718 | D62: REGULAR | E62: LAL | G62: LAC | H62: W | I62: 108-102 | J62: * | K62: 36.966667 | L62: 9 | M62: 17 | N62: 0.529 | O62: 5 | P62: 12 | Q62: 0.417 | R62: 4 | S62: 5 | T62: 0.8 | U62: 0.676 | V62: 6 | W62: 9 | X62: 0.667 | Y62: 0 | Z62: 6 | AA62: 6 | AB62: 9 | AC62: 2 | AD62: 0 | AE62: 6 | AF62: 2 | AG62: 29 | AH62: 22.8 | AI62: 19
A63: 31 | B63: 60 | C63: 45720 | D63: REGULAR | E63: LAL | G63: NOP | H63: W | I63: 136-115 | J63: * | K63: 34.116667 | L63: 9 | M63: 19 | N63: 0.474 | O63: 6 | P63: 13 | Q63: 0.462 | R63: 3 | S63: 6 | T63: 0.5 | U63: 0.632 | V63: 6 | W63: 11 | X63: 0.545 | Y63: 1 | Z63: 7 | AA63: 8 | AB63: 15 | AC63: 1 | AD63: 1 | AE63: 5 | AF63: 0 | AG63: 30 | AH63: 28.3 | AI63: 37
A64: 32 | B64: 61 | C64: 45722 | D64: REGULAR | E64: LAL | G64: NYK | H64: W | I64: 113-109 (OT) | J64: * | K64: 43.25 | L64: 9 | M64: 23 | N64: 0.391 | O64: 4 | P64: 12 | Q64: 0.333 | R64: 5 | S64: 11 | T64: 0.455 | U64: 0.478 | V64: 10 | W64: 12 | X64: 0.833 | Y64: 0 | Z64: 7 | AA64: 7 | AB64: 12 | AC64: 4 | AD64: 0 | AE64: 5 | AF64: 5 | AG64: 32 | AH64: 26.2 | AI64: 16
A65: 33 | B65: 62 | C65: 45724 | D65: REGULAR | E65: LAL | F65: @ | G65: BOS | H65: L | I65: 101-111 | J65: * | K65: 36.7 | L65: 11 | M65: 22 | N65: 0.5 | O65: 5 | P65: 10 | Q65: 0.5 | R65: 6 | S65: 12 | T65: 0.5 | U65: 0.614 | V65: 7 | W65: 8 | X65: 0.875 | Y65: 1 | Z65: 7 | AA65: 8 | AB65: 3 | AC65: 1 | AD65: 0 | AE65: 5 | AF65: 2 | AG65: 34 | AH65: 22.7 | AI65: -19
A66: 34 | B66: 63 | C66: 45726 | D66: REGULAR | E66: LAL | F66: @ | G66: BRK | H66: L | I66: 108-111 | J66: * | K66: 41.3 | L66: 8 | M66: 26 | N66: 0.308 | O66: 3 | P66: 10 | Q66: 0.3 | R66: 5 | S66: 16 | T66: 0.313 | U66: 0.365 | V66: 3 | W66: 4 | X66: 0.75 | Y66: 1 | Z66: 11 | AA66: 12 | AB66: 12 | AC66: 2 | AD66: 0 | AE66: 5 | AF66: 1 | AG66: 22 | AH66: 15.6 | AI66: 3
A67: 35 | B67: 64 | C67: 45729 | D67: REGULAR | E67: LAL | F67: @ | G67: MIL | H67: L | I67: 106-126 | J67: * | K67: 35.666667 | L67: 14 | M67: 27 | N67: 0.519 | O67: 7 | P67: 13 | Q67: 0.538 | R67: 7 | S67: 14 | T67: 0.5 | U67: 0.648 | V67: 10 | W67: 12 | X67: 0.833 | Y67: 1 | Z67: 10 | AA67: 11 | AB67: 3 | AC67: 2 | AD67: 1 | AE67: 6 | AF67: 2 | AG67: 45 | AH67: 32.6 | AI67: -16
A68: 35 | B68: 65 | C68: 45730 | D68: REGULAR | E68: LAL | F68: @ | G68: DEN | H68: L | I68: 126-131 | J68: Inactive | K68: 0
A69: 36 | B69: 66 | C69: 45732 | D69: REGULAR | E69: LAL | G69: PHO | H69: W | I69: 107-96 | J69: * | K69: 39.683333 | L69: 8 | M69: 20 | N69: 0.4 | O69: 4 | P69: 11 | Q69: 0.364 | R69: 4 | S69: 9 | T69: 0.444 | U69: 0.5 | V69: 13 | W69: 14 | X69: 0.929 | Y69: 1 | Z69: 10 | AA69: 11 | AB69: 8 | AC69: 2 | AD69: 0 | AE69: 4 | AF69: 4 | AG69: 33 | AH69: 27.5 | AI69: 16
A70: 37 | B70: 67 | C70: 45733 | D70: REGULAR | E70: LAL | G70: SAS | H70: W | I70: 125-109 | J70: * | K70: 33.933333 | L70: 5 | M70: 20 | N70: 0.25 | O70: 1 | P70: 7 | Q70: 0.143 | R70: 4 | S70: 13 | T70: 0.308 | U70: 0.275 | V70: 10 | W70: 13 | X70: 0.769 | Y70: 2 | Z70: 7 | AA70: 9 | AB70: 14 | AC70: 3 | AD70: 1 | AE70: 3 | AF70: 1 | AG70: 21 | AH70: 21.4 | AI70: 19
A71: 38 | B71: 68 | C71: 45735 | D71: REGULAR | E71: LAL | G71: DEN | H71: W | I71: 120-108 | J71: * | K71: 32.266667 | L71: 10 | M71: 21 | N71: 0.476 | O71: 4 | P71: 9 | Q71: 0.444 | R71: 6 | S71: 12 | T71: 0.5 | U71: 0.571 | V71: 7 | W71: 10 | X71: 0.7 | Y71: 0 | Z71: 8 | AA71: 8 | AB71: 7 | AC71: 2 | AD71: 1 | AE71: 6 | AF71: 3 | AG71: 31 | AH71: 21.9 | AI71: 20
A72: 38 | B72: 69 | C72: 45736 | D72: REGULAR | E72: LAL | G72: MIL | H72: L | I72: 89-118 | J72: Inactive | K72: 0
A73: 39 | B73: 70 | C73: 45738 | D73: REGULAR | E73: LAL | G73: CHI | H73: L | I73: 115-146 | J73: * | K73: 31.566667 | L73: 10 | M73: 18 | N73: 0.556 | O73: 8 | P73: 13 | Q73: 0.615 | R73: 2 | S73: 5 | T73: 0.4 | U73: 0.778 | V73: 6 | W73: 8 | X73: 0.75 | Y73: 4 | Z73: 4 | AA73: 8 | AB73: 6 | AC73: 0 | AD73: 0 | AE73: 7 | AF73: 1 | AG73: 34 | AH73: 25.4 | AI73: -9
A74: 40 | B74: 71 | C74: 45740 | D74: REGULAR | E74: LAL | F74: @ | G74: ORL | H74: L | I74: 106-118 | J74: * | K74: 38.1 | L74: 9 | M74: 23 | N74: 0.391 | O74: 4 | P74: 10 | Q74: 0.4 | R74: 5 | S74: 13 | T74: 0.385 | U74: 0.478 | V74: 10 | W74: 11 | X74: 0.909 | Y74: 0 | Z74: 7 | AA74: 7 | AB74: 7 | AC74: 1 | AD74: 0 | AE74: 3 | AF74: 2 | AG74: 32 | AH74: 23.3 | AI74: -9
A75: 41 | B75: 72 | C75: 45742 | D75: REGULAR | E75: LAL | F75: @ | G75: IND | H75: W | I75: 120-119 | J75: * | K75: 37.966667 | L75: 11 | M75: 21 | N75: 0.524 | O75: 6 | P75: 10 | Q75: 0.6 | R75: 5 | S75: 11 | T75: 0.455 | U75: 0.667 | V75: 6 | W75: 7 | X75: 0.857 | Y75: 0 | Z75: 7 | AA75: 7 | AB75: 7 | AC75: 0 | AD75: 1 | AE75: 3 | AF75: 2 | AG75: 34 | AH75: 27.2 | AI75: -16
A76: 42 | B76: 73 | C76: 45743 | D76: REGULAR | E76: LAL | F76: @ | G76: CHI | H76: L | I76: 117-119 | J76: * | K76: 38.166667 | L76: 8 | M76: 22 | N76: 0.364 | O76: 4 | P76: 12 | Q76: 0.333 | R76: 4 | S76: 10 | T76: 0.4 | U76: 0.455 | V76: 5 | W76: 6 | X76: 0.833 | Y76: 0 | Z76: 10 | AA76: 10 | AB76: 8 | AC76: 2 | AD76: 1 | AE76: 1 | AF76: 0 | AG76: 25 | AH76: 22.7 | AI76: -1
A77: 43 | B77: 74 | C77: 45745 | D77: REGULAR | E77: LAL | F77: @ | G77: MEM | H77: W | I77: 134-127 | J77: * | K77: 38.366667 | L77: 8 | M77: 18 | N77: 0.444 | O77: 2 | P77: 9 | Q77: 0.222 | R77: 6 | S77: 9 | T77: 0.667 | U77: 0.5 | V77: 11 | W77: 12 | X77: 0.917 | Y77: 0 | Z77: 8 | AA77: 8 | AB77: 9 | AC77: 2 | AD77: 0 | AE77: 3 | AF77: 3 | AG77: 29 | AH77: 25.7 | AI77: 11
A78: 44 | B78: 75 | C78: 45747 | D78: REGULAR | E78: LAL | G78: HOU | H78: W | I78: 104-98 | J78: * | K78: 38.033333 | L78: 6 | M78: 16 | N78: 0.375 | O78: 1 | P78: 7 | Q78: 0.143 | R78: 5 | S78: 9 | T78: 0.556 | U78: 0.406 | V78: 7 | W78: 9 | X78: 0.778 | Y78: 0 | Z78: 6 | AA78: 6 | AB78: 9 | AC78: 2 | AD78: 0 | AE78: 3 | AF78: 5 | AG78: 20 | AH78: 15.5 | AI78: 7
A79: 45 | B79: 76 | C79: 45750 | D79: REGULAR | E79: LAL | G79: GSW | H79: L | I79: 116-123 | J79: * | K79: 37.833333 | L79: 6 | M79: 17 | N79: 0.353 | O79: 0 | P79: 6 | Q79: 0 | R79: 6 | S79: 11 | T79: 0.545 | U79: 0.353 | V79: 7 | W79: 7 | X79: 1 | Y79: 2 | Z79: 6 | AA79: 8 | AB79: 7 | AC79: 0 | AD79: 1 | AE79: 1 | AF79: 3 | AG79: 19 | AH79: 16.1 | AI79: -3
A80: 46 | B80: 77 | C80: 45751 | D80: REGULAR | E80: LAL | G80: NOP | H80: W | I80: 124-108 | J80: * | K80: 35.833333 | L80: 10 | M80: 21 | N80: 0.476 | O80: 4 | P80: 10 | Q80: 0.4 | R80: 6 | S80: 11 | T80: 0.545 | U80: 0.571 | V80: 11 | W80: 11 | X80: 1 | Y80: 0 | Z80: 6 | AA80: 6 | AB80: 6 | AC80: 0 | AD80: 0 | AE80: 2 | AF80: 2 | AG80: 35 | AH80: 27.5 | AI80: 12
A81: 47 | B81: 78 | C81: 45753 | D81: REGULAR | E81: LAL | F81: @ | G81: OKC | H81: W | I81: 126-99 | J81: * | K81: 37.483333 | L81: 11 | M81: 20 | N81: 0.55 | O81: 5 | P81: 11 | Q81: 0.455 | R81: 6 | S81: 9 | T81: 0.667 | U81: 0.675 | V81: 3 | W81: 4 | X81: 0.75 | Y81: 1 | Z81: 6 | AA81: 7 | AB81: 6 | AC81: 2 | AD81: 0 | AE81: 2 | AF81: 2 | AG81: 30 | AH81: 25.9 | AI81: 18
A82: 48 | B82: 79 | C82: 45755 | D82: REGULAR | E82: LAL | F82: @ | G82: OKC | H82: L | I82: 120-136 | J82: * | K82: 31 | L82: 7 | M82: 15 | N82: 0.467 | O82: 3 | P82: 7 | Q82: 0.429 | R82: 4 | S82: 8 | T82: 0.5 | U82: 0.567 | V82: 6 | W82: 7 | X82: 0.857 | Y82: 0 | Z82: 3 | AA82: 3 | AB82: 5 | AC82: 0 | AD82: 1 | AE82: 3 | AF82: 1 | AG82: 23 | AH82: 16.6 | AI82: 6
A83: 49 | B83: 80 | C83: 45756 | D83: REGULAR | E83: LAL | F83: @ | G83: DAL | H83: W | I83: 112-97 | J83: * | K83: 38.05 | L83: 16 | M83: 28 | N83: 0.571 | O83: 7 | P83: 10 | Q83: 0.7 | R83: 9 | S83: 18 | T83: 0.5 | U83: 0.696 | V83: 6 | W83: 9 | X83: 0.667 | Y83: 1 | Z83: 7 | AA83: 8 | AB83: 6 | AC83: 4 | AD83: 0 | AE83: 3 | AF83: 4 | AG83: 45 | AH83: 37 | AI83: 26
A84: 50 | B84: 81 | C84: 45758 | D84: REGULAR | E84: LAL | G84: HOU | H84: W | I84: 140-109 | J84: * | K84: 31.116667 | L84: 13 | M84: 19 | N84: 0.684 | O84: 5 | P84: 9 | Q84: 0.556 | R84: 8 | S84: 10 | T84: 0.8 | U84: 0.816 | V84: 8 | W84: 14 | X84: 0.571 | Y84: 0 | Z84: 8 | AA84: 8 | AB84: 7 | AC84: 1 | AD84: 0 | AE84: 4 | AF84: 1 | AG84: 39 | AH84: 32.4 | AI84: 15
A85: 50 | B85: 82 | C85: 45760 | D85: REGULAR | E85: LAL | F85: @ | G85: POR | H85: L | I85: 81-109 | J85: Inactive | K85: 0
H86: 31-19

Sheet Lebron_regular_Playoffs
A1: Rk | B1: Gtm | C1: Date | D1: Column1 | E1: Season Type | F1: Team | G1: @ | H1: Opp | I1: W/L | J1: Result.2 | K1: GS | L1: MP | M1: FG | N1: FGA | O1: FG% | P1: 3P | Q1: 3PA | R1: 3P% | S1: 2P | T1: 2PA | U1: 2P% | V1: eFG% | W1: FT | X1: FTA | Y1: FT% | Z1: ORB | AA1: DRB | AB1: TRB | AC1: AST | AD1: STL | AE1: BLK | AF1: TOV | AG1: PF | AH1: PTS | AI1: GmSc | AJ1: +/-
A2: 1 | B2: 1 | C2: 45587 | D2: No Luka | E2: Regular | F2: LAL | H2: MIN | I2: W | J2: 110-103 | K2: * | L2: 34.65 | M2: 7 | N2: 16 | O2: 0.438 | P2: 1 | Q2: 4 | R2: 0.25 | S2: 6 | T2: 12 | U2: 0.5 | V2: 0.469 | W2: 1 | X2: 1 | Y2: 1 | Z2: 0 | AA2: 5 | AB2: 5 | AC2: 4 | AD2: 0 | AE2: 2 | AF2: 2 | AG2: 3 | AH2: 16 | AI2: 10.1 | AJ2: -6
A3: 2 | B3: 2 | C3: 45590 | D3: No Luka | E3: Regular | F3: LAL | H3: PHO | I3: W | J3: 123-116 | K3: * | L3: 34.7 | M3: 7 | N3: 13 | O3: 0.538 | P3: 2 | Q3: 5 | R3: 0.4 | S3: 5 | T3: 8 | U3: 0.625 | V3: 0.615 | W3: 5 | X3: 8 | Y3: 0.625 | Z3: 0 | AA3: 4 | AB3: 4 | AC3: 8 | AD3: 0 | AE3: 0 | AF3: 2 | AG3: 1 | AH3: 21 | AI3: 17.9 | AJ3: 14
A4: 3 | B4: 3 | C4: 45591 | D4: No Luka | E4: Regular | F4: LAL | H4: SAC | I4: W | J4: 131-127 | K4: * | L4: 33.766667 | M4: 12 | N4: 22 | O4: 0.545 | P4: 4 | Q4: 9 | R4: 0.444 | S4: 8 | T4: 13 | U4: 0.615 | V4: 0.636 | W4: 4 | X4: 4 | Y4: 1 | Z4: 0 | AA4: 14 | AB4: 14 | AC4: 10 | AD4: 0 | AE4: 1 | AF4: 5 | AG4: 3 | AH4: 32 | AI4: 27.1 | AJ4: 13
A5: 4 | B5: 4 | C5: 45593 | D5: No Luka | E5: Regular | F5: LAL | G5: @ | H5: PHO | I5: L | J5: 105-109 | K5: * | L5: 35.8 | M5: 3 | N5: 14 | O5: 0.214 | P5: 2 | Q5: 5 | R5: 0.4 | S5: 1 | T5: 9 | U5: 0.111 | V5: 0.286 | W5: 3 | X5: 6 | Y5: 0.5 | Z5: 0 | AA5: 5 | AB5: 5 | AC5: 8 | AD5: 1 | AE5: 0 | AF5: 2 | AG5: 1 | AH5: 11 | AI5: 6.9 | AJ5: -17
A6: 5 | B6: 5 | C6: 45595 | D6: No Luka | E6: Regular | F6: LAL | G6: @ | H6: CLE | I6: L | J6: 110-134 | K6: * | L6: 28.966667 | M6: 9 | N6: 13 | O6: 0.692 | P6: 1 | Q6: 3 | R6: 0.333 | S6: 8 | T6: 10 | U6: 0.8 | V6: 0.731 | W6: 7 | X6: 7 | Y6: 1 | Z6: 1 | AA6: 5 | AB6: 6 | AC6: 3 | AD6: 0 | AE6: 0 | AF6: 6 | AG6: 2 | AH6: 26 | AI6: 18 | AJ6: -17
A7: 6 | B7: 6 | C7: 45597 | D7: No Luka | E7: Regular | F7: LAL | G7: @ | H7: TOR | I7: W | J7: 131-125 | K7: * | L7: 36.25 | M7: 9 | N7: 17 | O7: 0.529 | P7: 5 | Q7: 8 | R7: 0.625 | S7: 4 | T7: 9 | U7: 0.444 | V7: 0.676 | W7: 4 | X7: 6 | Y7: 0.667 | Z7: 0 | AA7: 6 | AB7: 6 | AC7: 10 | AD7: 1 | AE7: 0 | AF7: 0 | AG7: 1 | AH7: 27 | AI7: 27.3 | AJ7: 11
A8: 7 | B8: 7 | C8: 45600 | D8: No Luka | E8: Regular | F8: LAL | G8: @ | H8: DET | I8: L | J8: 103-115 | K8: * | L8: 40 | M8: 7 | N8: 16 | O8: 0.438 | P8: 1 | Q8: 2 | R8: 0.5 | S8: 6 | T8: 14 | U8: 0.429 | V8: 0.469 | W8: 5 | X8: 5 | Y8: 1 | Z8: 1 | AA8: 7 | AB8: 8 | AC8: 11 | AD8: 2 | AE8: 0 | AF8: 1 | AG8: 1 | AH8: 20 | AI8: 22.7 | AJ8: -16
A9: 8 | B9: 8 | C9: 45602 | D9: No Luka | E9: Regular | F9: LAL | G9: @ | H9: MEM | I9: L | J9: 114-131 | K9: * | L9: 35.416667 | M9: 15 | N9: 24 | O9: 0.625 | P9: 6 | Q9: 11 | R9: 0.545 | S9: 9 | T9: 13 | U9: 0.692 | V9: 0.75 | W9: 3 | X9: 4 | Y9: 0.75 | Z9: 0 | AA9: 7 | AB9: 7 | AC9: 6 | AD9: 1 | AE9: 0 | AF9: 5 | AG9: 2 | AH9: 39 | AI9: 29.3 | AJ9: -21
A10: 9 | B10: 9 | C10: 45604 | D10: No Luka | E10: Regular | F10: LAL | H10: PHI | I10: W | J10: 116-106 | K10: * | L10: 33.8 | M10: 9 | N10: 14 | O10: 0.643 | P10: 2 | Q10: 4 | R10: 0.5 | S10: 7 | T10: 10 | U10: 0.7 | V10: 0.714 | W10: 1 | X10: 1 | Y10: 1 | Z10: 0 | AA10: 12 | AB10: 12 | AC10: 13 | AD10: 0 | AE10: 3 | AF10: 2 | AG10: 0 | AH10: 21 | AI10: 27.6 | AJ10: 12
A11: 10 | B11: 10 | C11: 45606 | D11: No Luka | E11: Regular | F11: LAL | H11: TOR | I11: W | J11: 123-103 | K11: * | L11: 34.783333 | M11: 6 | N11: 14 | O11: 0.429 | P11: 0 | Q11: 3 | R11: 0 | S11: 6 | T11: 11 | U11: 0.545 | V11: 0.429 | W11: 7 | X11: 7 | Y11: 1 | Z11: 2 | AA11: 8 | AB11: 10 | AC11: 16 | AD11: 1 | AE11: 0 | AF11: 3 | AG11: 0 | AH11: 19 | AI11: 24.6 | AJ11: 13
A12: 11 | B12: 11 | C12: 45609 | D12: No Luka | E12: Regular | F12: LAL | H12: MEM | I12: W | J12: 128-123 | K12: * | L12: 36.933333 | M12: 13 | N12: 22 | O12: 0.591 | P12: 4 | Q12: 7 | R12: 0.571 | S12: 9 | T12: 15 | U12: 0.6 | V12: 0.682 | W12: 5 | X12: 8 | Y12: 0.625 | Z12: 1 | AA12: 11 | AB12: 12 | AC12: 14 | AD12: 1 | AE12: 0 | AF12: 6 | AG12: 2 | AH12: 35 | AI12: 31.6 | AJ12: 3
A13: 12 | B13: 12 | C13: 45611 | D13: No Luka | E13: Regular | F13: LAL | G13: @ | H13: SAS | I13: W | J13: 120-115 | K13: * | L13: 37.816667 | M13: 6 | N13: 12 | O13: 0.5 | P13: 1 | Q13: 4 | R13: 0.25 | S13: 5 | T13: 8 | U13: 0.625 | V13: 0.542 | W13: 2 | X13: 4 | Y13: 0.5 | Z13: 1 | AA13: 15 | AB13: 16 | AC13: 12 | AD13: 1 | AE13: 0 | AF13: 7 | AG13: 0 | AH13: 15 | AI13: 15.8 | AJ13: 3
A14: 13 | B14: 13 | C14: 45612 | D14: No Luka | E14: Regular | F14: LAL | G14: @ | H14: NOP | I14: W | J14: 104-99 | K14: * | L14: 37.033333 | M14: 8 | N14: 19 | O14: 0.421 | P14: 2 | Q14: 7 | R14: 0.286 | S14: 6 | T14: 12 | U14: 0.5 | V14: 0.474 | W14: 3 | X14: 5 | Y14: 0.6 | Z14: 4 | AA14: 3 | AB14: 7 | AC14: 5 | AD14: 1 | AE14: 0 | AF14: 6 | AG14: 1 | AH14: 21 | AI14: 11.9 | AJ14: 1
A15: 14 | B15: 14 | C15: 45615 | D15: No Luka | E15: Regular | F15: LAL | H15: UTA | I15: W | J15: 124-118 | K15: * | L15: 33.883333 | M15: 9 | N15: 17 | O15: 0.529 | P15: 1 | Q15: 5 | R15: 0.2 | S15: 8 | T15: 12 | U15: 0.667 | V15: 0.559 | W15: 7 | X15: 11 | Y15: 0.636 | Z15: 0 | AA15: 2 | AB15: 2 | AC15: 12 | AD15: 0 | AE15: 0 | AF15: 4 | AG15: 1 | AH15: 26 | AI15: 20.7 | AJ15: -5
A16: 15 | B16: 15 | C16: 45617 | D16: No Luka | E16: Regular | F16: LAL | H16: ORL | I16: L | J16: 118-119 | K16: * | L16: 37.033333 | M16: 12 | N16: 22 | O16: 0.545 | P16: 5 | Q16: 9 | R16: 0.556 | S16: 7 | T16: 13 | U16: 0.538 | V16: 0.659 | W16: 2 | X16: 4 | Y16: 0.5 | Z16: 2 | AA16: 8 | AB16: 10 | AC16: 7 | AD16: 0 | AE16: 1 | AF16: 4 | AG16: 0 | AH16: 31 | AI16: 25 | AJ16: -8
A17: 16 | B17: 16 | C17: 45619 | D17: No Luka | E17: Regular | F17: LAL | H17: DEN | I17: L | J17: 102-127 | K17: * | L17: 34.683333 | M17: 7 | N17: 17 | O17: 0.412 | P17: 1 | Q17: 4 | R17: 0.25 | S17: 6 | T17: 13 | U17: 0.462 | V17: 0.441 | W17: 3 | X17: 3 | Y17: 1 | Z17: 0 | AA17: 6 | AB17: 6 | AC17: 7 | AD17: 3 | AE17: 0 | AF17: 6 | AG17: 3 | AH17: 18 | AI17: 11.4 | AJ17: -25
A18: 17 | B18: 17 | C18: 45622 | D18: No Luka | E18: Regular | F18: LAL | G18: @ | H18: PHO | I18: L | J18: 100-127 | K18: * | L18: 34.733333 | M18: 7 | N18: 16 | O18: 0.438 | P18: 2 | Q18: 7 | R18: 0.286 | S18: 5 | T18: 9 | U18: 0.556 | V18: 0.5 | W18: 2 | X18: 2 | Y18: 1 | Z18: 1 | AA18: 7 | AB18: 8 | AC18: 10 | AD18: 0 | AE18: 0 | AF18: 5 | AG18: 0 | AH18: 18 | AI18: 14.4 | AJ18: -30
A19: 18 | B19: 18 | C19: 45623 | D19: No Luka | E19: Regular | F19: LAL | G19: @ | H19: SAS | I19: W | J19: 119-101 | K19: * | L19: 33.083333 | M19: 8 | N19: 18 | O19: 0.444 | P19: 0 | Q19: 2 | R19: 0 | S19: 8 | T19: 16 | U19: 0.5 | V19: 0.444 | W19: 0 | X19: 0 | Z19: 3 | AA19: 7 | AB19: 10 | AC19: 11 | AD19: 1 | AE19: 1 | AF19: 5 | AG19: 0 | AH19: 16 | AI19: 15.2 | AJ19: 4
A20: 19 | B20: 19 | C20: 45625 | D20: No Luka | E20: Regular | F20: LAL | H20: OKC | I20: L | J20: 93-101 | K20: * | L20: 33.516667 | M20: 5 | N20: 13 | O20: 0.385 | P20: 0 | Q20: 4 | R20: 0 | S20: 5 | T20: 9 | U20: 0.556 | V20: 0.385 | W20: 2 | X20: 2 | Y20: 1 | Z20: 0 | AA20: 8 | AB20: 8 | AC20: 6 | AD20: 0 | AE20: 0 | AF20: 5 | AG20: 0 | AH20: 12 | AI20: 6.5 | AJ20: -12
A21: 20 | B21: 20 | C21: 45627 | D21: No Luka | E21: Regular | F21: LAL | G21: @ | H21: UTA | I21: W | J21: 105-104 | K21: * | L21: 36.066667 | M21: 12 | N21: 28 | O21: 0.429 | P21: 0 | Q21: 9 | R21: 0 | S21: 12 | T21: 19 | U21: 0.632 | V21: 0.429 | W21: 3 | X21: 3 | Y21: 1 | Z21: 1 | AA21: 4 | AB21: 5 | AC21: 14 | AD21: 0 | AE21: 2 | AF21: 3 | AG21: 1 | AH21: 27 | AI21: 21.9 | AJ21: 0
A22: 21 | B22: 21 | C22: 45628 | D22: No Luka | E22: Regular | F22: LAL | G22: @ | H22: MIN | I22: L | J22: 80-109 | K22: * | L22: 30.733333 | M22: 4 | N22: 16 | O22: 0.25 | P22: 0 | Q22: 4 | R22: 0 | S22: 4 | T22: 12 | U22: 0.333 | V22: 0.25 | W22: 2 | X22: 4 | Y22: 0.5 | Z22: 3 | AA22: 5 | AB22: 8 | AC22: 4 | AD22: 0 | AE22: 0 | AF22: 6 | AG22: 1 | AH22: 10 | AI22: -0.4 | AJ22: -28
A23: 22 | B23: 22 | C23: 45630 | D23: No Luka | E23: Regular | F23: LAL | G23: @ | H23: MIA | I23: L | J23: 93-134 | K23: * | L23: 29.05 | M23: 12 | N23: 18 | O23: 0.667 | P23: 1 | Q23: 4 | R23: 0.25 | S23: 11 | T23: 14 | U23: 0.786 | V23: 0.694 | W23: 4 | X23: 4 | Y23: 1 | Z23: 1 | AA23: 4 | AB23: 5 | AC23: 8 | AD23: 1 | AE23: 0 | AF23: 5 | AG23: 2 | AH23: 29 | AI23: 23.9 | AJ23: -21
A24: 23 | B24: 23 | C24: 45632 | D24: No Luka | E24: Regular | F24: LAL | G24: @ | H24: ATL | I24: L | J24: 132-134 (OT) | K24: * | L24: 43.366667 | M24: 14 | N24: 25 | O24: 0.56 | P24: 6 | Q24: 11 | R24: 0.545 | S24: 8 | T24: 14 | U24: 0.571 | V24: 0.68 | W24: 5 | X24: 6 | Y24: 0.833 | Z24: 0 | AA24: 10 | AB24: 10 | AC24: 11 | AD24: 2 | AE24: 3 | AF24: 4 | AG24: 3 | AH24: 39 | AI24: 36.3 | AJ24: 3
A25: 23 | B25: 24 | C25: 45634 | D25: No Luka | E25: Regular | F25: LAL | H25: POR | I25: W | J25: 107-98 | K25: Inactive
A26: 23 | B26: 25 | C26: 45639 | D26: No Luka | E26: Regular | F26: LAL | G26: @ | H26: MIN | I26: L | J26: 87-97 | K26: Inactive
A27: 24 | B27: 26 | C27: 45641 | D27: No Luka | E27: Regular | F27: LAL | H27: MEM | I27: W | J27: 116-110 | K27: * | L27: 34 | M27: 7 | N27: 17 | O27: 0.412 | P27: 3 | Q27: 6 | R27: 0.5 | S27: 4 | T27: 11 | U27: 0.364 | V27: 0.5 | W27: 1 | X27: 4 | Y27: 0.25 | Z27: 4 | AA27: 4 | AB27: 8 | AC27: 8 | AD27: 1 | AE27: 2 | AF27: 5 | AG27: 2 | AH27: 18 | AI27: 13.9 | AJ27: 0
A28: 25 | B28: 27 | C28: 45645 | D28: No Luka | E28: Regular | F28: LAL | G28: @ | H28: SAC | I28: W | J28: 113-100 | K28: * | L28: 34.083333 | M28: 8 | N28: 21 | O28: 0.381 | P28: 1 | Q28: 4 | R28: 0.25 | S28: 7 | T28: 17 | U28: 0.412 | V28: 0.405 | W28: 2 | X28: 2 | Y28: 1 | Z28: 0 | AA28: 6 | AB28: 6 | AC28: 7 | AD28: 0 | AE28: 1 | AF28: 2 | AG28: 1 | AH28: 19 | AI28: 12.5 | AJ28: 13
A29: 26 | B29: 28 | C29: 45647 | D29: No Luka | E29: Regular | F29: LAL | G29: @ | H29: SAC | I29: W | J29: 103-99 | K29: * | L29: 34.416667 | M29: 13 | N29: 24 | O29: 0.542 | P29: 1 | Q29: 8 | R29: 0.125 | S29: 12 | T29: 16 | U29: 0.75 | V29: 0.563 | W29: 5 | X29: 6 | Y29: 0.833 | Z29: 0 | AA29: 7 | AB29: 7 | AC29: 6 | AD29: 4 | AE29: 0 | AF29: 4 | AG29: 2 | AH29: 32 | AI29: 25.5 | AJ29: 10
A30: 27 | B30: 29 | C30: 45649 | D30: No Luka | E30: Regular | F30: LAL | H30: DET | I30: L | J30: 114-117 | K30: * | L30: 35.433333 | M30: 10 | N30: 16 | O30: 0.625 | P30: 2 | Q30: 4 | R30: 0.5 | S30: 8 | T30: 12 | U30: 0.667 | V30: 0.688 | W30: 6 | X30: 7 | Y30: 0.857 | Z30: 2 | AA30: 9 | AB30: 11 | AC30: 11 | AD30: 0 | AE30: 0 | AF30: 2 | AG30: 1 | AH30: 28 | AI30: 29.8 | AJ30: -1
A31: 28 | B31: 30 | C31: 45651 | D31: No Luka | E31: Regular | F31: LAL | G31: @ | H31: GSW | I31: W | J31: 115-113 | K31: * | L31: 36.966667 | M31: 12 | N31: 22 | O31: 0.545 | P31: 2 | Q31: 4 | R31: 0.5 | S31: 10 | T31: 18 | U31: 0.556 | V31: 0.591 | W31: 5 | X31: 5 | Y31: 1 | Z31: 0 | AA31: 4 | AB31: 4 | AC31: 10 | AD31: 2 | AE31: 1 | AF31: 1 | AG31: 3 | AH31: 31 | AI31: 29.1 | AJ31: 4
A32: 28 | B32: 31 | C32: 45654 | D32: No Luka | E32: Regular | F32: LAL | H32: SAC | I32: W | J32: 132-122 | K32: Inactive
A33: 29 | B33: 32 | C33: 45657 | D33: No Luka | E33: Regular | F33: LAL | H33: CLE | I33: L | J33: 110-122 | K33: * | L33: 34.2 | M33: 9 | N33: 17 | O33: 0.529 | P33: 3 | Q33: 6 | R33: 0.5 | S33: 6 | T33: 11 | U33: 0.545 | V33: 0.618 | W33: 2 | X33: 2 | Y33: 1 | Z33: 0 | AA33: 4 | AB33: 4 | AC33: 7 | AD33: 0 | AE33: 1 | AF33: 2 | AG33: 1 | AH33: 23 | AI33: 19.1 | AJ33: -11
A34: 30 | B34: 33 | C34: 45659 | D34: No Luka | E34: Regular | F34: LAL | H34: POR | I34: W | J34: 114-106 | K34: * | L34: 36.2 | M34: 15 | N34: 25 | O34: 0.6 | P34: 7 | Q34: 10 | R34: 0.7 | S34: 8 | T34: 15 | U34: 0.533 | V34: 0.74 | W34: 1 | X34: 2 | Y34: 0.5 | Z34: 1 | AA34: 2 | AB34: 3 | AC34: 8 | AD34: 0 | AE34: 0 | AF34: 4 | AG34: 1 | AH34: 38 | AI34: 28.6 | AJ34: 4
A35: 31 | B35: 34 | C35: 45660 | D35: No Luka | E35: Regular | F35: LAL | H35: ATL | I35: W | J35: 119-102 | K35: * | L35: 30 | M35: 13 | N35: 20 | O35: 0.65 | P35: 2 | Q35: 5 | R35: 0.4 | S35: 11 | T35: 15 | U35: 0.733 | V35: 0.7 | W35: 2 | X35: 2 | Y35: 1 | Z35: 0 | AA35: 3 | AB35: 3 | AC35: 8 | AD35: 0 | AE35: 0 | AF35: 3 | AG35: 3 | AH35: 30 | AI35: 23.5 | AJ35: 4
A36: 32 | B36: 35 | C36: 45662 | D36: No Luka | E36: Regular | F36: LAL | G36: @ | H36: HOU | I36: L | J36: 115-119 | K36: * | L36: 36.05 | M36: 8 | N36: 16 | O36: 0.5 | P36: 4 | Q36: 7 | R36: 0.571 | S36: 4 | T36: 9 | U36: 0.444 | V36: 0.625 | W36: 1 | X36: 2 | Y36: 0.5 | Z36: 1 | AA36: 12 | AB36: 13 | AC36: 9 | AD36: 1 | AE36: 0 | AF36: 2 | AG36: 4 | AH36: 21 | AI36: 20.6 | AJ36: -13
A37: 33 | B37: 36 | C37: 45664 | D37: No Luka | E37: Regular | F37: LAL | G37: @ | H37: DAL | I37: L | J37: 97-118 | K37: * | L37: 34.866667 | M37: 6 | N37: 12 | O37: 0.5 | P37: 1 | Q37: 4 | R37: 0.25 | S37: 5 | T37: 8 | U37: 0.625 | V37: 0.542 | W37: 5 | X37: 6 | Y37: 0.833 | Z37: 0 | AA37: 10 | AB37: 10 | AC37: 8 | AD37: 1 | AE37: 0 | AF37: 2 | AG37: 0 | AH37: 18 | AI37: 19.2 | AJ37: -12
A38: 34 | B38: 37 | C38: 45670 | D38: No Luka | E38: Regular | F38: LAL | H38: SAS | I38: L | J38: 102-126 | K38: * | L38: 32.1 | M38: 7 | N38: 11 | O38: 0.636 | P38: 2 | Q38: 3 | R38: 0.667 | S38: 5 | T38: 8 | U38: 0.625 | V38: 0.727 | W38: 2 | X38: 4 | Y38: 0.5 | Z38: 1 | AA38: 4 | AB38: 5 | AC38: 8 | AD38: 1 | AE38: 1 | AF38: 7 | AG38: 3 | AH38: 18 | AI38: 13.3 | AJ38: -15
A39: 35 | B39: 38 | C39: 45672 | D39: No Luka | E39: Regular | F39: LAL | H39: MIA | I39: W | J39: 117-108 | K39: * | L39: 38.15 | M39: 9 | N39: 15 | O39: 0.6 | P39: 3 | Q39: 6 | R39: 0.5 | S39: 6 | T39: 9 | U39: 0.667 | V39: 0.7 | W39: 1 | X39: 2 | Y39: 0.5 | Z39: 1 | AA39: 4 | AB39: 5 | AC39: 9 | AD39: 2 | AE39: 0 | AF39: 2 | AG39: 0 | AH39: 22 | AI39: 22.9 | AJ39: 14
A40: 36 | B40: 39 | C40: 45674 | D40: No Luka | E40: Regular | F40: LAL | H40: BRK | I40: W | J40: 102-101 | K40: * | L40: 34.933333 | M40: 12 | N40: 17 | O40: 0.706 | P40: 4 | Q40: 6 | R40: 0.667 | S40: 8 | T40: 11 | U40: 0.727 | V40: 0.824 | W40: 1 | X40: 2 | Y40: 0.5 | Z40: 1 | AA40: 6 | AB40: 7 | AC40: 8 | AD40: 1 | AE40: 2 | AF40: 5 | AG40: 2 | AH40: 29 | AI40: 26.2 | AJ40: -11
A41: 37 | B41: 40 | C41: 45676 | D41: No Luka | E41: Regular | F41: LAL | G41: @ | H41: LAC | I41: L | J41: 102-116 | K41: * | L41: 35.05 | M41: 9 | N41: 20 | O41: 0.45 | P41: 2 | Q41: 6 | R41: 0.333 | S41: 7 | T41: 14 | U41: 0.5 | V41: 0.5 | W41: 5 | X41: 6 | Y41: 0.833 | Z41: 2 | AA41: 3 | AB41: 5 | AC41: 11 | AD41: 3 | AE41: 1 | AF41: 5 | AG41: 3 | AH41: 25 | AI41: 21.7 | AJ41: -3
A42: 38 | B42: 41 | C42: 45678 | D42: No Luka | E42: Regular | F42: LAL | H42: WAS | I42: W | J42: 111-88 | K42: * | L42: 35.65 | M42: 8 | N42: 18 | O42: 0.444 | P42: 2 | Q42: 6 | R42: 0.333 | S42: 6 | T42: 12 | U42: 0.5 | V42: 0.5 | W42: 3 | X42: 3 | Y42: 1 | Z42: 0 | AA42: 10 | AB42: 10 | AC42: 13 | AD42: 2 | AE42: 1 | AF42: 5 | AG42: 0 | AH42: 21 | AI42: 21.4 | AJ42: 19
A43: 39 | B43: 42 | C43: 45680 | D43: No Luka | E43: Regular | F43: LAL | H43: BOS | I43: W | J43: 117-96 | K43: * | L43: 30.516667 | M43: 9 | N43: 20 | O43: 0.45 | P43: 0 | Q43: 2 | R43: 0 | S43: 9 | T43: 18 | U43: 0.5 | V43: 0.45 | W43: 2 | X43: 2 | Y43: 1 | Z43: 3 | AA43: 11 | AB43: 14 | AC43: 6 | AD43: 0 | AE43: 0 | AF43: 2 | AG43: 0 | AH43: 20 | AI43: 17.2 | AJ43: 7
A44: 40 | B44: 43 | C44: 45682 | D44: No Luka | E44: Regular | F44: LAL | G44: @ | H44: GSW | I44: W | J44: 118-108 | K44: * | L44: 34.666667 | M44: 12 | N44: 25 | O44: 0.48 | P44: 0 | Q44: 1 | R44: 0 | S44: 12 | T44: 24 | U44: 0.5 | V44: 0.48 | W44: 1 | X44: 2 | Y44: 0.5 | Z44: 1 | AA44: 4 | AB44: 5 | AC44: 12 | AD44: 1 | AE44: 0 | AF44: 3 | AG44: 0 | AH44: 25 | AI44: 20.2 | AJ44: 11
A45: 41 | B45: 44 | C45: 45684 | D45: No Luka | E45: Regular | F45: LAL | G45: @ | H45: CHO | I45: W | J45: 112-107 | K45: * | L45: 36.416667 | M45: 9 | N45: 17 | O45: 0.529 | P45: 1 | Q45: 8 | R45: 0.125 | S45: 8 | T45: 9 | U45: 0.889 | V45: 0.559 | W45: 3 | X45: 5 | Y45: 0.6 | Z45: 0 | AA45: 7 | AB45: 7 | AC45: 8 | AD45: 0 | AE45: 0 | AF45: 5 | AG45: 0 | AH45: 22 | AI45: 15.6 | AJ45: -1
A46: 42 | B46: 45 | C46: 45685 | D46: No Luka | E46: Regular | F46: LAL | G46: @ | H46: PHI | I46: L | J46: 104-118 | K46: * | L46: 32.65 | M46: 10 | N46: 16 | O46: 0.625 | P46: 1 | Q46: 4 | R46: 0.25 | S46: 9 | T46: 12 | U46: 0.75 | V46: 0.656 | W46: 10 | X46: 11 | Y46: 0.909 | Z46: 1 | AA46: 7 | AB46: 8 | AC46: 9 | AD46: 1 | AE46: 0 | AF46: 8 | AG46: 1 | AH46: 31 | AI46: 25.1 | AJ46: -11
A47: 43 | B47: 46 | C47: 45687 | D47: No Luka | E47: Regular | F47: LAL | G47: @ | H47: WAS | I47: W | J47: 134-96 | K47: * | L47: 26.566667 | M47: 9 | N47: 19 | O47: 0.474 | P47: 1 | Q47: 4 | R47: 0.25 | S47: 8 | T47: 15 | U47: 0.533 | V47: 0.5 | W47: 5 | X47: 5 | Y47: 1 | Z47: 0 | AA47: 3 | AB47: 3 | AC47: 11 | AD47: 0 | AE47: 0 | AF47: 0 | AG47: 1 | AH47: 24 | AI47: 22.5 | AJ47: 29
A48: 44 | B48: 47 | C48: 45689 | D48: No Luka | E48: Regular | F48: LAL | G48: @ | H48: NYK | I48: W | J48: 128-112 | K48: * | L48: 36.816667 | M48: 14 | N48: 26 | O48: 0.538 | P48: 3 | Q48: 8 | R48: 0.375 | S48: 11 | T48: 18 | U48: 0.611 | V48: 0.596 | W48: 2 | X48: 4 | Y48: 0.5 | Z48: 0 | AA48: 11 | AB48: 11 | AC48: 12 | AD48: 0 | AE48: 0 | AF48: 5 | AG48: 3 | AH48: 33 | AI48: 25.1 | AJ48: 12
A49: 45 | B49: 48 | C49: 45692 | D49: No Luka | E49: Regular | F49: LAL | G49: @ | H49: LAC | I49: W | J49: 122-97 | K49: * | L49: 31.016667 | M49: 8 | N49: 13 | O49: 0.615 | P49: 2 | Q49: 4 | R49: 0.5 | S49: 6 | T49: 9 | U49: 0.667 | V49: 0.692 | W49: 8 | X49: 11 | Y49: 0.727 | Z49: 0 | AA49: 8 | AB49: 8 | AC49: 9 | AD49: 3 | AE49: 0 | AF49: 3 | AG49: 4 | AH49: 26 | AI49: 26 | AJ49: 19
A50: 46 | B50: 49 | C50: 45694 | D50: No Luka | E50: Regular | F50: LAL | H50: GSW | I50: W | J50: 120-112 | K50: * | L50: 38.033333 | M50: 14 | N50: 25 | O50: 0.56 | P50: 6 | Q50: 9 | R50: 0.667 | S50: 8 | T50: 16 | U50: 0.5 | V50: 0.68 | W50: 8 | X50: 10 | Y50: 0.8 | Z50: 1 | AA50: 16 | AB50: 17 | AC50: 8 | AD50: 1 | AE50: 1 | AF50: 3 | AG50: 1 | AH50: 42 | AI50: 38.7 | AJ50: 7
A51: 46 | B51: 50 | C51: 45696 | D51: No Luka | E51: Regular | F51: LAL | H51: IND | I51: W | J51: 124-117 | K51: Inactive
A52: 47 | B52: 51 | C52: 45698 | D52: Luka | E52: Regular | F52: LAL | H52: UTA | I52: W | J52: 132-113 | K52: * | L52: 29 | M52: 10 | N52: 17 | O52: 0.588 | P52: 3 | Q52: 7 | R52: 0.429 | S52: 7 | T52: 10 | U52: 0.7 | V52: 0.676 | W52: 1 | X52: 2 | Y52: 0.5 | Z52: 1 | AA52: 6 | AB52: 7 | AC52: 8 | AD52: 1 | AE52: 0 | AF52: 7 | AG52: 2 | AH52: 24 | AI52: 17 | AJ52: 24
A53: 48 | B53: 52 | C53: 45700 | D53: Luka | E53: Regular | F53: LAL | G53: @ | H53: UTA | I53: L | J53: 119-131 | K53: * | L53: 33.666667 | M53: 6 | N53: 13 | O53: 0.462 | P53: 4 | Q53: 8 | R53: 0.5 | S53: 2 | T53: 5 | U53: 0.4 | V53: 0.615 | W53: 2 | X53: 4 | Y53: 0.5 | Z53: 1 | AA53: 5 | AB53: 6 | AC53: 7 | AD53: 1 | AE53: 0 | AF53: 3 | AG53: 3 | AH53: 18 | AI53: 14.4 | AJ53: -10
A54: 49 | B54: 53 | C54: 45707 | D54: Luka | E54: Regular | F54: LAL | H54: CHO | I54: L | J54: 97-100 | K54: * | L54: 37.9 | M54: 10 | N54: 22 | O54: 0.455 | P54: 4 | Q54: 11 | R54: 0.364 | S54: 6 | T54: 11 | U54: 0.545 | V54: 0.545 | W54: 2 | X54: 2 | Y54: 1 | Z54: 1 | AA54: 6 | AB54: 7 | AC54: 11 | AD54: 1 | AE54: 2 | AF54: 2 | AG54: 0 | AH54: 26 | AI54: 25.2 | AJ54: -4
A55: 50 | B55: 54 | C55: 45708 | D55: No Luka | E55: Regular | F55: LAL | G55: @ | H55: POR | I55: W | J55: 110-102 | K55: * | L55: 35.7 | M55: 14 | N55: 24 | O55: 0.583 | P55: 4 | Q55: 8 | R55: 0.5 | S55: 10 | T55: 16 | U55: 0.625 | V55: 0.667 | W55: 8 | X55: 8 | Y55: 1 | Z55: 0 | AA55: 8 | AB55: 8 | AC55: 4 | AD55: 2 | AE55: 1 | AF55: 11 | AG55: 2 | AH55: 40 | AI55: 24.9 | AJ55: 8
A56: 51 | B56: 55 | C56: 45710 | D56: Luka | E56: Regular | F56: LAL | G56: @ | H56: DEN | I56: W | J56: 123-100 | K56: * | L56: 33.033333 | M56: 11 | N56: 19 | O56: 0.579 | P56: 1 | Q56: 4 | R56: 0.25 | S56: 10 | T56: 15 | U56: 0.667 | V56: 0.605 | W56: 2 | X56: 3 | Y56: 0.667 | Z56: 2 | AA56: 7 | AB56: 9 | AC56: 5 | AD56: 1 | AE56: 3 | AF56: 1 | AG56: 2 | AH56: 25 | AI56: 24 | AJ56: 9
A57: 52 | B57: 56 | C57: 45713 | D57: Luka | E57: Regular | F57: LAL | H57: DAL | I57: W | J57: 107-99 | K57: * | L57: 37.066667 | M57: 11 | N57: 17 | O57: 0.647 | P57: 2 | Q57: 4 | R57: 0.5 | S57: 9 | T57: 13 | U57: 0.692 | V57: 0.706 | W57: 3 | X57: 4 | Y57: 0.75 | Z57: 3 | AA57: 9 | AB57: 12 | AC57: 3 | AD57: 1 | AE57: 0 | AF57: 6 | AG57: 2 | AH57: 27 | AI57: 20.2 | AJ57: -5
A58: 53 | B58: 57 | C58: 45715 | D58: Luka | E58: Regular | F58: LAL | H58: MIN | I58: W | J58: 111-102 | K58: * | L58: 37.433333 | M58: 11 | N58: 21 | O58: 0.524 | P58: 4 | Q58: 9 | R58: 0.444 | S58: 7 | T58: 12 | U58: 0.583 | V58: 0.619 | W58: 7 | X58: 10 | Y58: 0.7 | Z58: 5 | AA58: 12 | AB58: 17 | AC58: 6 | AD58: 1 | AE58: 1 | AF58: 4 | AG58: 1 | AH58: 33 | AI58: 30.1 | AJ58: 12
A59: 54 | B59: 58 | C59: 45716 | D59: Luka | E59: Regular | F59: LAL | H59: LAC | I59: W | J59: 106-102 | K59: * | L59: 37.283333 | M59: 12 | N59: 21 | O59: 0.571 | P59: 2 | Q59: 7 | R59: 0.286 | S59: 10 | T59: 14 | U59: 0.714 | V59: 0.619 | W59: 2 | X59: 3 | Y59: 0.667 | Z59: 1 | AA59: 12 | AB59: 13 | AC59: 3 | AD59: 1 | AE59: 0 | AF59: 4 | AG59: 0 | AH59: 28 | AI59: 21.1 | AJ59: -1
A60: 55 | B60: 59 | C60: 45718 | D60: Luka | E60: Regular | F60: LAL | H60: LAC | I60: W | J60: 108-102 | K60: * | L60: 35.533333 | M60: 6 | N60: 17 | O60: 0.353 | P60: 1 | Q60: 6 | R60: 0.167 | S60: 5 | T60: 11 | U60: 0.455 | V60: 0.382 | W60: 4 | X60: 4 | Y60: 1 | Z60: 1 | AA60: 4 | AB60: 5 | AC60: 9 | AD60: 2 | AE60: 1 | AF60: 8 | AG60: 2 | AH60: 17 | AI60: 9.6 | AJ60: -5
A61: 56 | B61: 60 | C61: 45720 | D61: Luka | E61: Regular | F61: LAL | H61: NOP | I61: W | J61: 136-115 | K61: * | L61: 33.25 | M61: 10 | N61: 18 | O61: 0.556 | P61: 5 | Q61: 10 | R61: 0.5 | S61: 5 | T61: 8 | U61: 0.625 | V61: 0.694 | W61: 9 | X61: 9 | Y61: 1 | Z61: 1 | AA61: 7 | AB61: 8 | AC61: 6 | AD61: 1 | AE61: 2 | AF61: 4 | AG61: 1 | AH61: 34 | AI61: 30.4 | AJ61: 7
A62: 57 | B62: 61 | C62: 45722 | D62: Luka | E62: Regular | F62: LAL | H62: NYK | I62: W | J62: 113-109 (OT) | K62: * | L62: 43.883333 | M62: 11 | N62: 23 | O62: 0.478 | P62: 2 | Q62: 8 | R62: 0.25 | S62: 9 | T62: 15 | U62: 0.6 | V62: 0.522 | W62: 7 | X62: 8 | Y62: 0.875 | Z62: 1 | AA62: 11 | AB62: 12 | AC62: 8 | AD62: 0 | AE62: 1 | AF62: 1 | AG62: 3 | AH62: 31 | AI62: 27 | AJ62: 4
A63: 58 | B63: 62 | C63: 45724 | D63: Luka | E63: Regular | F63: LAL | G63: @ | H63: BOS | I63: L | J63: 101-111 | K63: * | L63: 34.5 | M63: 11 | N63: 23 | O63: 0.478 | P63: 0 | Q63: 6 | R63: 0 | S63: 11 | T63: 17 | U63: 0.647 | V63: 0.478 | W63: 0 | X63: 3 | Y63: 0 | Z63: 2 | AA63: 12 | AB63: 14 | AC63: 9 | AD63: 0 | AE63: 0 | AF63: 1 | AG63: 3 | AH63: 22 | AI63: 18.2 | AJ63: -11
A64: 58 | B64: 63 | C64: 45726 | D64: Luka | E64: Regular | F64: LAL | G64: @ | H64: BRK | I64: L | J64: 108-111 | K64: Inactive
A65: 58 | B65: 64 | C65: 45729 | D65: No Luka | E65: Regular | F65: LAL | G65: @ | H65: MIL | I65: L | J65: 106-126 | K65: Inactive
A66: 58 | B66: 65 | C66: 45730 | D66: Luka | E66: Regular | F66: LAL | G66: @ | H66: DEN | I66: L | J66: 126-131 | K66: Inactive
A67: 58 | B67: 66 | C67: 45732 | D67: Luka | E67: Regular | F67: LAL | H67: PHO | I67: W | J67: 107-96 | K67: Inactive
A68: 58 | B68: 67 | C68: 45733 | D68: Luka | E68: Regular | F68: LAL | H68: SAS | I68: W | J68: 125-109 | K68: Inactive
A69: 58 | B69: 68 | C69: 45735 | D69: Luka | E69: Regular | F69: LAL | H69: DEN | I69: W | J69: 120-108 | K69: Inactive
A70: 58 | B70: 69 | C70: 45736 | D70: No Luka | E70: Regular | F70: LAL | H70: MIL | I70: L | J70: 89-118 | K70: Inactive
A71: 59 | B71: 70 | C71: 45738 | D71: Luka | E71: Regular | F71: LAL | H71: CHI | I71: L | J71: 115-146 | K71: * | L71: 31.416667 | M71: 7 | N71: 16 | O71: 0.438 | P71: 1 | Q71: 2 | R71: 0.5 | S71: 6 | T71: 14 | U71: 0.429 | V71: 0.469 | W71: 2 | X71: 5 | Y71: 0.4 | Z71: 0 | AA71: 6 | AB71: 6 | AC71: 4 | AD71: 3 | AE71: 0 | AF71: 5 | AG71: 1 | AH71: 17 | AI71: 9.6 | AJ71: -27
A72: 60 | B72: 71 | C72: 45740 | D72: Luka | E72: Regular | F72: LAL | G72: @ | H72: ORL | I72: L | J72: 106-118 | K72: * | L72: 37.666667 | M72: 9 | N72: 18 | O72: 0.5 | P72: 0 | Q72: 3 | R72: 0 | S72: 9 | T72: 15 | U72: 0.6 | V72: 0.5 | W72: 6 | X72: 7 | Y72: 0.857 | Z72: 3 | AA72: 3 | AB72: 6 | AC72: 7 | AD72: 0 | AE72: 0 | AF72: 2 | AG72: 0 | AH72: 24 | AI72: 20.5 | AJ72: -17
A73: 61 | B73: 72 | C73: 45742 | D73: Luka | E73: Regular | F73: LAL | G73: @ | H73: IND | I73: W | J73: 120-119 | K73: * | L73: 37.733333 | M73: 4 | N73: 12 | O73: 0.333 | P73: 0 | Q73: 3 | R73: 0 | S73: 4 | T73: 9 | U73: 0.444 | V73: 0.333 | W73: 5 | X73: 5 | Y73: 1 | Z73: 3 | AA73: 10 | AB73: 13 | AC73: 7 | AD73: 1 | AE73: 0 | AF73: 1 | AG73: 1 | AH73: 13 | AI73: 15.8 | AJ73: 5
A74: 62 | B74: 73 | C74: 45743 | D74: Luka | E74: Regular | F74: LAL | G74: @ | H74: CHI | I74: L | J74: 117-119 | K74: * | L74: 38.75 | M74: 8 | N74: 20 | O74: 0.4 | P74: 0 | Q74: 5 | R74: 0 | S74: 8 | T74: 15 | U74: 0.533 | V74: 0.4 | W74: 1 | X74: 2 | Y74: 0.5 | Z74: 1 | AA74: 4 | AB74: 5 | AC74: 12 | AD74: 2 | AE74: 0 | AF74: 4 | AG74: 1 | AH74: 17 | AI74: 13.7 | AJ74: -10
A75: 63 | B75: 74 | C75: 45745 | D75: Luka | E75: Regular | F75: LAL | G75: @ | H75: MEM | I75: W | J75: 134-127 | K75: * | L75: 37.45 | M75: 10 | N75: 21 | O75: 0.476 | P75: 2 | Q75: 5 | R75: 0.4 | S75: 8 | T75: 16 | U75: 0.5 | V75: 0.524 | W75: 3 | X75: 4 | Y75: 0.75 | Z75: 1 | AA75: 5 | AB75: 6 | AC75: 8 | AD75: 3 | AE75: 1 | AF75: 3 | AG75: 3 | AH75: 25 | AI75: 21.2 | AJ75: -1
A76: 64 | B76: 75 | C76: 45747 | D76: Luka | E76: Regular | F76: LAL | H76: HOU | I76: W | J76: 104-98 | K76: * | L76: 37.666667 | M76: 5 | N76: 12 | O76: 0.417 | P76: 2 | Q76: 4 | R76: 0.5 | S76: 3 | T76: 8 | U76: 0.375 | V76: 0.5 | W76: 4 | X76: 4 | Y76: 1 | Z76: 0 | AA76: 8 | AB76: 8 | AC76: 4 | AD76: 2 | AE76: 2 | AF76: 3 | AG76: 1 | AH76: 16 | AI76: 14.8 | AJ76: 9
A77: 65 | B77: 76 | C77: 45750 | D77: Luka | E77: Regular | F77: LAL | H77: GSW | I77: L | J77: 116-123 | K77: * | L77: 39.85 | M77: 10 | N77: 15 | O77: 0.667 | P77: 5 | Q77: 8 | R77: 0.625 | S77: 5 | T77: 7 | U77: 0.714 | V77: 0.833 | W77: 8 | X77: 9 | Y77: 0.889 | Z77: 1 | AA77: 4 | AB77: 5 | AC77: 9 | AD77: 1 | AE77: 1 | AF77: 4 | AG77: 2 | AH77: 33 | AI77: 31.2 | AJ77: -1
A78: 66 | B78: 77 | C78: 45751 | D78: Luka | E78: Regular | F78: LAL | H78: NOP | I78: W | J78: 124-108 | K78: * | L78: 32.65 | M78: 9 | N78: 17 | O78: 0.529 | P78: 2 | Q78: 7 | R78: 0.286 | S78: 7 | T78: 10 | U78: 0.7 | V78: 0.588 | W78: 7 | X78: 8 | Y78: 0.875 | Z78: 0 | AA78: 0 | AB78: 0 | AC78: 8 | AD78: 2 | AE78: 0 | AF78: 1 | AG78: 1 | AH78: 27 | AI78: 24.5 | AJ78: 7
A79: 67 | B79: 78 | C79: 45753 | D79: Luka | E79: Regular | F79: LAL | G79: @ | H79: OKC | I79: W | J79: 126-99 | K79: * | L79: 34.25 | M79: 9 | N79: 16 | O79: 0.563 | P79: 1 | Q79: 1 | R79: 1 | S79: 8 | T79: 15 | U79: 0.533 | V79: 0.594 | W79: 0 | X79: 0 | Z79: 2 | AA79: 1 | AB79: 3 | AC79: 7 | AD79: 1 | AE79: 0 | AF79: 2 | AG79: 0 | AH79: 19 | AI79: 17 | AJ79: 7
A80: 68 | B80: 79 | C80: 45755 | D80: Luka | E80: Regular | F80: LAL | G80: @ | H80: OKC | I80: L | J80: 120-136 | K80: * | L80: 35.483333 | M80: 8 | N80: 19 | O80: 0.421 | P80: 3 | Q80: 6 | R80: 0.5 | S80: 5 | T80: 13 | U80: 0.385 | V80: 0.5 | W80: 9 | X80: 10 | Y80: 0.9 | Z80: 0 | AA80: 7 | AB80: 7 | AC80: 3 | AD80: 1 | AE80: 0 | AF80: 6 | AG80: 1 | AH80: 28 | AI80: 16.3 | AJ80: -23
A81: 69 | B81: 80 | C81: 45756 | D81: Luka | E81: Regular | F81: LAL | G81: @ | H81: DAL | I81: W | J81: 112-97 | K81: * | L81: 36.283333 | M81: 11 | N81: 20 | O81: 0.55 | P81: 0 | Q81: 4 | R81: 0 | S81: 11 | T81: 16 | U81: 0.688 | V81: 0.55 | W81: 5 | X81: 6 | Y81: 0.833 | Z81: 2 | AA81: 5 | AB81: 7 | AC81: 3 | AD81: 1 | AE81: 0 | AF81: 2 | AG81: 2 | AH81: 27 | AI81: 20.2 | AJ81: 18
A82: 70 | B82: 81 | C82: 45758 | D82: Luka | E82: Regular | F82: LAL | H82: HOU | I82: W | J82: 140-109 | K82: * | L82: 22.116667 | M82: 6 | N82: 11 | O82: 0.545 | P82: 1 | Q82: 4 | R82: 0.25 | S82: 5 | T82: 7 | U82: 0.714 | V82: 0.591 | W82: 1 | X82: 1 | Y82: 1 | Z82: 0 | AA82: 4 | AB82: 4 | AC82: 8 | AD82: 1 | AE82: 0 | AF82: 1 | AG82: 1 | AH82: 14 | AI82: 15.1 | AJ82: 5
A83: 70 | B83: 82 | C83: 45760 | D83: No Luka | E83: Regular | F83: LAL | G83: @ | H83: POR | I83: L | J83: 81-109 | K83: Inactive

Sheet AR_REG_OFFS 
A1: Rk | B1: Date | C1: Column1 | D1: SEASON TYPE | E1: Team | F1: @ | G1: Opp | H1: W/L | I1: Result.2 | J1: GS | K1: Column3 | L1: FG | M1: FGA | N1: FG% | O1: 3P | P1: 3PA | Q1: 3P% | R1: 2P | S1: 2PA | T1: 2P% | U1: eFG% | V1: FT | W1: FTA | X1: FT% | Y1: ORB | Z1: DRB | AA1: TRB | AB1: AST | AC1: STL | AD1: BLK | AE1: TOV | AF1: PF | AG1: PTS | AH1: GmSc | AI1: +/-
A2: 1 | B2: 45587 | C2: No Luka | D2: REGULAR | E2: LAL | G2: MIN | H2: W | I2: 110-103 | J2: * | K2: 36.033333 | L2: 6 | M2: 14 | N2: 0.429 | O2: 0 | P2: 5 | Q2: 0 | R2: 6 | S2: 9 | T2: 0.667 | U2: 0.429 | V2: 0 | W2: 1 | X2: 0 | Y2: 4 | Z2: 5 | AA2: 9 | AB2: 4 | AC2: 1 | AD2: 1 | AE2: 0 | AF2: 4 | AG2: 12 | AH2: 11.4 | AI2: 12
A3: 2 | B3: 45590 | C3: No Luka | D3: REGULAR | E3: LAL | G3: PHO | H3: W | I3: 123-116 | J3: * | K3: 36.65 | L3: 8 | M3: 12 | N3: 0.667 | O3: 5 | P3: 7 | Q3: 0.714 | R3: 3 | S3: 5 | T3: 0.6 | U3: 0.875 | V3: 5 | W3: 6 | X3: 0.833 | Y3: 0 | Z3: 4 | AA3: 4 | AB3: 8 | AC3: 3 | AD3: 1 | AE3: 4 | AF3: 4 | AG3: 26 | AH3: 25.3 | AI3: 13
A4: 3 | B4: 45591 | C4: No Luka | D4: REGULAR | E4: LAL | G4: SAC | H4: W | I4: 131-127 | J4: * | K4: 33.533333 | L4: 7 | M4: 12 | N4: 0.583 | O4: 2 | P4: 4 | Q4: 0.5 | R4: 5 | S4: 8 | T4: 0.625 | U4: 0.667 | V4: 0 | W4: 0 | Y4: 4 | Z4: 3 | AA4: 7 | AB4: 6 | AC4: 0 | AD4: 0 | AE4: 6 | AF4: 3 | AG4: 16 | AH4: 11.1 | AI4: -20
A5: 4 | B5: 45593 | C5: No Luka | D5: REGULAR | E5: LAL | F5: @ | G5: PHO | H5: L | I5: 105-109 | J5: * | K5: 37.85 | L5: 8 | M5: 15 | N5: 0.533 | O5: 5 | P5: 9 | Q5: 0.556 | R5: 3 | S5: 6 | T5: 0.5 | U5: 0.7 | V5: 2 | W5: 3 | X5: 0.667 | Y5: 0 | Z5: 8 | AA5: 8 | AB5: 3 | AC5: 2 | AD5: 0 | AE5: 1 | AF5: 3 | AG5: 23 | AH5: 19.6 | AI5: 12
A6: 5 | B6: 45595 | C6: No Luka | D6: REGULAR | E6: LAL | F6: @ | G6: CLE | H6: L | I6: 110-134 | J6: * | K6: 27.833333 | L6: 2 | M6: 6 | N6: 0.333 | O6: 1 | P6: 4 | Q6: 0.25 | R6: 1 | S6: 2 | T6: 0.5 | U6: 0.417 | V6: 2 | W6: 2 | X6: 1 | Y6: 0 | Z6: 2 | AA6: 2 | AB6: 3 | AC6: 0 | AD6: 0 | AE6: 4 | AF6: 0 | AG6: 7 | AH6: 2.3 | AI6: -14
A7: 6 | B7: 45597 | C7: No Luka | D7: REGULAR | E7: LAL | F7: @ | G7: TOR | H7: W | I7: 131-125 | J7: * | K7: 34.3 | L7: 4 | M7: 13 | N7: 0.308 | O7: 0 | P7: 6 | Q7: 0 | R7: 4 | S7: 7 | T7: 0.571 | U7: 0.308 | V7: 12 | W7: 14 | X7: 0.857 | Y7: 0 | Z7: 1 | AA7: 1 | AB7: 6 | AC7: 2 | AD7: 1 | AE7: 1 | AF7: 3 | AG7: 20 | AH7: 16.7 | AI7: -3
A8: 7 | B8: 45600 | C8: No Luka | D8: REGULAR | E8: LAL | F8: @ | G8: DET | H8: L | I8: 103-115 | J8: * | K8: 39.35 | L8: 7 | M8: 17 | N8: 0.412 | O8: 3 | P8: 10 | Q8: 0.3 | R8: 4 | S8: 7 | T8: 0.571 | U8: 0.5 | V8: 0 | W8: 1 | X8: 0 | Y8: 1 | Z8: 3 | AA8: 4 | AB8: 4 | AC8: 2 | AD8: 0 | AE8: 4 | AF8: 4 | AG8: 17 | AH8: 8.3 | AI8: -14
A9: 8 | B9: 45602 | C9: No Luka | D9: REGULAR | E9: LAL | F9: @ | G9: MEM | H9: L | I9: 114-131 | J9: * | K9: 34.933333 | L9: 7 | M9: 17 | N9: 0.412 | O9: 2 | P9: 9 | Q9: 0.222 | R9: 5 | S9: 8 | T9: 0.625 | U9: 0.471 | V9: 3 | W9: 4 | X9: 0.75 | Y9: 0 | Z9: 3 | AA9: 3 | AB9: 5 | AC9: 3 | AD9: 0 | AE9: 1 | AF9: 1 | AG9: 19 | AH9: 15.5 | AI9: -9
A10: 9 | B10: 45604 | C10: No Luka | D10: REGULAR | E10: LAL | G10: PHI | H10: W | I10: 116-106 | J10: * | K10: 29.933333 | L10: 7 | M10: 13 | N10: 0.538 | O10: 6 | P10: 10 | Q10: 0.6 | R10: 1 | S10: 3 | T10: 0.333 | U10: 0.769 | V10: 0 | W10: 0 | Y10: 0 | Z10: 6 | AA10: 6 | AB10: 7 | AC10: 0 | AD10: 1 | AE10: 2 | AF10: 1 | AG10: 20 | AH10: 18.7 | AI10: 14
A11: 10 | B11: 45606 | C11: No Luka | D11: REGULAR | E11: LAL | G11: TOR | H11: W | I11: 123-103 | J11: * | K11: 32.583333 | L11: 10 | M11: 17 | N11: 0.588 | O11: 3 | P11: 9 | Q11: 0.333 | R11: 7 | S11: 8 | T11: 0.875 | U11: 0.676 | V11: 4 | W11: 5 | X11: 0.8 | Y11: 0 | Z11: 1 | AA11: 1 | AB11: 6 | AC11: 1 | AD11: 0 | AE11: 0 | AF11: 4 | AG11: 27 | AH11: 22.6 | AI11: 11
A12: 11 | B12: 45609 | C12: No Luka | D12: REGULAR | E12: LAL | G12: MEM | H12: W | I12: 128-123 | J12: * | K12: 35.866667 | L12: 5 | M12: 14 | N12: 0.357 | O12: 3 | P12: 11 | Q12: 0.273 | R12: 2 | S12: 3 | T12: 0.667 | U12: 0.464 | V12: 5 | W12: 7 | X12: 0.714 | Y12: 0 | Z12: 2 | AA12: 2 | AB12: 6 | AC12: 1 | AD12: 0 | AE12: 3 | AF12: 4 | AG12: 18 | AH12: 10.6 | AI12: -1
A13: 12 | B13: 45611 | C13: No Luka | D13: REGULAR | E13: LAL | F13: @ | G13: SAS | H13: W | I13: 120-115 | J13: * | K13: 32.066667 | L13: 6 | M13: 12 | N13: 0.5 | O13: 5 | P13: 9 | Q13: 0.556 | R13: 1 | S13: 3 | T13: 0.333 | U13: 0.708 | V13: 2 | W13: 2 | X13: 1 | Y13: 1 | Z13: 2 | AA13: 3 | AB13: 6 | AC13: 0 | AD13: 0 | AE13: 0 | AF13: 3 | AG13: 19 | AH13: 17.3 | AI13: -8
A14: 13 | B14: 45612 | C14: No Luka | D14: REGULAR | E14: LAL | F14: @ | G14: NOP | H14: W | I14: 104-99 | J14: * | K14: 40.833333 | L14: 3 | M14: 15 | N14: 0.2 | O14: 2 | P14: 9 | Q14: 0.222 | R14: 1 | S14: 6 | T14: 0.167 | U14: 0.267 | V14: 2 | W14: 2 | X14: 1 | Y14: 1 | Z14: 1 | AA14: 2 | AB14: 7 | AC14: 1 | AD14: 0 | AE14: 0 | AF14: 1 | AG14: 10 | AH14: 7.2 | AI14: 9
A15: 14 | B15: 45615 | C15: No Luka | D15: REGULAR | E15: LAL | G15: UTA | H15: W | I15: 124-118 | J15: * | K15: 33.366667 | L15: 6 | M15: 14 | N15: 0.429 | O15: 3 | P15: 7 | Q15: 0.429 | R15: 3 | S15: 7 | T15: 0.429 | U15: 0.536 | V15: 2 | W15: 2 | X15: 1 | Y15: 0 | Z15: 0 | AA15: 0 | AB15: 5 | AC15: 0 | AD15: 0 | AE15: 3 | AF15: 1 | AG15: 17 | AH15: 9.7 | AI15: 4
A16: 15 | B16: 45617 | C16: No Luka | D16: REGULAR | E16: LAL | G16: ORL | H16: L | I16: 118-119 | J16: * | K16: 32.9 | L16: 3 | M16: 12 | N16: 0.25 | O16: 1 | P16: 4 | Q16: 0.25 | R16: 2 | S16: 8 | T16: 0.25 | U16: 0.292 | V16: 2 | W16: 5 | X16: 0.4 | Y16: 1 | Z16: 1 | AA16: 2 | AB16: 3 | AC16: 1 | AD16: 0 | AE16: 2 | AF16: 0 | AG16: 9 | AH16: 2.7 | AI16: -8
A17: 16 | B17: 45619 | C17: No Luka | D17: REGULAR | E17: LAL | G17: DEN | H17: L | I17: 102-127 | J17: * | K17: 31.85 | L17: 7 | M17: 13 | N17: 0.538 | O17: 3 | P17: 7 | Q17: 0.429 | R17: 4 | S17: 6 | T17: 0.667 | U17: 0.654 | V17: 2 | W17: 2 | X17: 1 | Y17: 1 | Z17: 2 | AA17: 3 | AB17: 6 | AC17: 1 | AD17: 0 | AE17: 3 | AF17: 1 | AG17: 19 | AH17: 15.8 | AI17: -22
A18: 17 | B18: 45622 | C18: No Luka | D18: REGULAR | E18: LAL | F18: @ | G18: PHO | H18: L | I18: 100-127 | J18: * | K18: 30.6 | L18: 6 | M18: 12 | N18: 0.5 | O18: 2 | P18: 6 | Q18: 0.333 | R18: 4 | S18: 6 | T18: 0.667 | U18: 0.583 | V18: 1 | W18: 1 | X18: 1 | Y18: 1 | Z18: 2 | AA18: 3 | AB18: 2 | AC18: 2 | AD18: 0 | AE18: 1 | AF18: 0 | AG18: 15 | AH18: 12.7 | AI18: -16
A19: 18 | B19: 45623 | C19: No Luka | D19: REGULAR | E19: LAL | F19: @ | G19: SAS | H19: W | I19: 119-101 | J19: * | K19: 31.45 | L19: 5 | M19: 11 | N19: 0.455 | O19: 3 | P19: 6 | Q19: 0.5 | R19: 2 | S19: 5 | T19: 0.4 | U19: 0.591 | V19: 0 | W19: 0 | Y19: 0 | Z19: 2 | AA19: 2 | AB19: 2 | AC19: 0 | AD19: 0 | AE19: 3 | AF19: 1 | AG19: 13 | AH19: 5.9 | AI19: 8
A20: 19 | B20: 45625 | C20: No Luka | D20: REGULAR | E20: LAL | G20: OKC | H20: L | I20: 93-101 | J20: * | K20: 29.183333 | L20: 3 | M20: 11 | N20: 0.273 | O20: 1 | P20: 9 | Q20: 0.111 | R20: 2 | S20: 2 | T20: 1 | U20: 0.318 | V20: 4 | W20: 5 | X20: 0.8 | Y20: 1 | Z20: 4 | AA20: 5 | AB20: 3 | AC20: 0 | AD20: 0 | AE20: 5 | AF20: 3 | AG20: 11 | AH20: 1.9 | AI20: -8
A21: 19 | B21: 45627 | C21: No Luka | D21: REGULAR | E21: LAL | F21: @ | G21: UTA | H21: W | I21: 105-104 | J21: Inactive | K21: 0
A22: 19 | B22: 45628 | C22: No Luka | D22: REGULAR | E22: LAL | F22: @ | G22: MIN | H22: L | I22: 80-109 | J22: Inactive | K22: 0
A23: 19 | B23: 45630 | C23: No Luka | D23: REGULAR | E23: LAL | F23: @ | G23: MIA | H23: L | I23: 93-134 | J23: Inactive | K23: 0
A24: 19 | B24: 45632 | C24: No Luka | D24: REGULAR | E24: LAL | F24: @ | G24: ATL | H24: L | I24: 132-134 (OT) | J24: Inactive | K24: 0
A25: 19 | B25: 45634 | C25: No Luka | D25: REGULAR | E25: LAL | G25: POR | H25: W | I25: 107-98 | J25: Inactive | K25: 0
A26: 20 | B26: 45639 | C26: No Luka | D26: REGULAR | E26: LAL | F26: @ | G26: MIN | H26: L | I26: 87-97 | J26: * | K26: 29.666667 | L26: 6 | M26: 16 | N26: 0.375 | O26: 4 | P26: 8 | Q26: 0.5 | R26: 2 | S26: 8 | T26: 0.25 | U26: 0.5 | V26: 2 | W26: 2 | X26: 1 | Y26: 2 | Z26: 4 | AA26: 6 | AB26: 6 | AC26: 0 | AD26: 0 | AE26: 2 | AF26: 5 | AG26: 18 | AH26: 12 | AI26: -2
A27: 21 | B27: 45641 | C27: No Luka | D27: REGULAR | E27: LAL | G27: MEM | H27: W | I27: 116-110 | J27: * | K27: 35.766667 | L27: 6 | M27: 15 | N27: 0.4 | O27: 2 | P27: 8 | Q27: 0.25 | R27: 4 | S27: 7 | T27: 0.571 | U27: 0.467 | V27: 5 | W27: 5 | X27: 1 | Y27: 0 | Z27: 2 | AA27: 2 | AB27: 8 | AC27: 2 | AD27: 0 | AE27: 1 | AF27: 4 | AG27: 19 | AH27: 16.5 | AI27: 11
A28: 22 | B28: 45645 | C28: No Luka | D28: REGULAR | E28: LAL | F28: @ | G28: SAC | H28: W | I28: 113-100 | J28: * | K28: 34.916667 | L28: 7 | M28: 14 | N28: 0.5 | O28: 3 | P28: 7 | Q28: 0.429 | R28: 4 | S28: 7 | T28: 0.571 | U28: 0.607 | V28: 8 | W28: 9 | X28: 0.889 | Y28: 0 | Z28: 6 | AA28: 6 | AB28: 5 | AC28: 2 | AD28: 0 | AE28: 1 | AF28: 0 | AG28: 25 | AH28: 23.9 | AI28: 9
A29: 23 | B29: 45647 | C29: No Luka | D29: REGULAR | E29: LAL | F29: @ | G29: SAC | H29: W | I29: 103-99 | J29: * | K29: 35.933333 | L29: 6 | M29: 14 | N29: 0.429 | O29: 1 | P29: 7 | Q29: 0.143 | R29: 5 | S29: 7 | T29: 0.714 | U29: 0.464 | V29: 3 | W29: 5 | X29: 0.6 | Y29: 2 | Z29: 2 | AA29: 4 | AB29: 5 | AC29: 0 | AD29: 0 | AE29: 2 | AF29: 1 | AG29: 16 | AH29: 10.9 | AI29: 10
A30: 24 | B30: 45649 | C30: No Luka | D30: REGULAR | E30: LAL | G30: DET | H30: L | I30: 114-117 | J30: * | K30: 36.883333 | L30: 5 | M30: 9 | N30: 0.556 | O30: 2 | P30: 5 | Q30: 0.4 | R30: 3 | S30: 4 | T30: 0.75 | U30: 0.667 | V30: 0 | W30: 0 | Y30: 0 | Z30: 7 | AA30: 7 | AB30: 2 | AC30: 2 | AD30: 0 | AE30: 6 | AF30: 2 | AG30: 12 | AH30: 6.4 | AI30: 16
A31: 25 | B31: 45651 | C31: No Luka | D31: REGULAR | E31: LAL | F31: @ | G31: GSW | H31: W | I31: 115-113 | J31: * | K31: 36.666667 | L31: 8 | M31: 20 | N31: 0.4 | O31: 4 | P31: 10 | Q31: 0.4 | R31: 4 | S31: 10 | T31: 0.4 | U31: 0.5 | V31: 6 | W31: 6 | X31: 1 | Y31: 2 | Z31: 8 | AA31: 10 | AB31: 10 | AC31: 1 | AD31: 0 | AE31: 3 | AF31: 0 | AG31: 26 | AH31: 24 | AI31: -4
A32: 26 | B32: 45654 | C32: No Luka | D32: REGULAR | E32: LAL | G32: SAC | H32: W | I32: 132-122 | J32: * | K32: 42.6 | L32: 9 | M32: 16 | N32: 0.563 | O32: 3 | P32: 4 | Q32: 0.75 | R32: 6 | S32: 12 | T32: 0.5 | U32: 0.656 | V32: 5 | W32: 8 | X32: 0.625 | Y32: 1 | Z32: 5 | AA32: 6 | AB32: 16 | AC32: 0 | AD32: 0 | AE32: 5 | AF32: 3 | AG32: 26 | AH32: 24.4 | AI32: 15
A33: 27 | B33: 45657 | C33: No Luka | D33: REGULAR | E33: LAL | G33: CLE | H33: L | I33: 110-122 | J33: * | K33: 37.95 | L33: 11 | M33: 20 | N33: 0.55 | O33: 1 | P33: 4 | Q33: 0.25 | R33: 10 | S33: 16 | T33: 0.625 | U33: 0.575 | V33: 12 | W33: 13 | X33: 0.923 | Y33: 1 | Z33: 8 | AA33: 9 | AB33: 10 | AC33: 1 | AD33: 0 | AE33: 4 | AF33: 2 | AG33: 35 | AH33: 31.3 | AI33: -3
A34: 28 | B34: 45659 | C34: No Luka | D34: REGULAR | E34: LAL | G34: POR | H34: W | I34: 114-106 | J34: * | K34: 36.433333 | L34: 5 | M34: 15 | N34: 0.333 | O34: 2 | P34: 9 | Q34: 0.222 | R34: 3 | S34: 6 | T34: 0.5 | U34: 0.4 | V34: 3 | W34: 3 | X34: 1 | Y34: 2 | Z34: 6 | AA34: 8 | AB34: 11 | AC34: 2 | AD34: 0 | AE34: 3 | AF34: 3 | AG34: 15 | AH34: 15.2 | AI34: 10
A35: 29 | B35: 45660 | C35: No Luka | D35: REGULAR | E35: LAL | G35: ATL | H35: W | I35: 119-102 | J35: * | K35: 38.65 | L35: 6 | M35: 18 | N35: 0.333 | O35: 3 | P35: 7 | Q35: 0.429 | R35: 3 | S35: 11 | T35: 0.273 | U35: 0.417 | V35: 5 | W35: 6 | X35: 0.833 | Y35: 4 | Z35: 3 | AA35: 7 | AB35: 6 | AC35: 0 | AD35: 0 | AE35: 6 | AF35: 1 | AG35: 20 | AH35: 10.9 | AI35: 18
A36: 30 | B36: 45662 | C36: No Luka | D36: REGULAR | E36: LAL | F36: @ | G36: HOU | H36: L | I36: 115-119 | J36: * | K36: 41.316667 | L36: 6 | M36: 13 | N36: 0.462 | O36: 3 | P36: 6 | Q36: 0.5 | R36: 3 | S36: 7 | T36: 0.429 | U36: 0.577 | V36: 6 | W36: 7 | X36: 0.857 | Y36: 0 | Z36: 0 | AA36: 0 | AB36: 10 | AC36: 0 | AD36: 0 | AE36: 0 | AF36: 2 | AG36: 21 | AH36: 20.1 | AI36: 12
A37: 31 | B37: 45664 | C37: No Luka | D37: REGULAR | E37: LAL | F37: @ | G37: DAL | H37: L | I37: 97-118 | J37: * | K37: 32.083333 | L37: 5 | M37: 14 | N37: 0.357 | O37: 4 | P37: 11 | Q37: 0.364 | R37: 1 | S37: 3 | T37: 0.333 | U37: 0.5 | V37: 1 | W37: 2 | X37: 0.5 | Y37: 0 | Z37: 2 | AA37: 2 | AB37: 1 | AC37: 3 | AD37: 0 | AE37: 1 | AF37: 1 | AG37: 15 | AH37: 9.7 | AI37: -25
A38: 32 | B38: 45670 | C38: No Luka | D38: REGULAR | E38: LAL | G38: SAS | H38: L | I38: 102-126 | J38: * | K38: 33.483333 | L38: 4 | M38: 13 | N38: 0.308 | O38: 2 | P38: 7 | Q38: 0.286 | R38: 2 | S38: 6 | T38: 0.333 | U38: 0.385 | V38: 2 | W38: 2 | X38: 1 | Y38: 1 | Z38: 4 | AA38: 5 | AB38: 8 | AC38: 0 | AD38: 0 | AE38: 4 | AF38: 3 | AG38: 12 | AH38: 6.8 | AI38: -18
A39: 33 | B39: 45672 | C39: No Luka | D39: REGULAR | E39: LAL | G39: MIA | H39: W | I39: 117-108 | J39: * | K39: 35.233333 | L39: 5 | M39: 9 | N39: 0.556 | O39: 2 | P39: 3 | Q39: 0.667 | R39: 3 | S39: 6 | T39: 0.5 | U39: 0.667 | V39: 2 | W39: 2 | X39: 1 | Y39: 0 | Z39: 3 | AA39: 3 | AB39: 14 | AC39: 3 | AD39: 0 | AE39: 1 | AF39: 4 | AG39: 14 | AH39: 20.8 | AI39: 14
A40: 34 | B40: 45674 | C40: No Luka | D40: REGULAR | E40: LAL | G40: BRK | H40: W | I40: 102-101 | J40: * | K40: 37.083333 | L40: 13 | M40: 23 | N40: 0.565 | O40: 4 | P40: 8 | Q40: 0.5 | R40: 9 | S40: 15 | T40: 0.6 | U40: 0.652 | V40: 8 | W40: 8 | X40: 1 | Y40: 0 | Z40: 3 | AA40: 3 | AB40: 3 | AC40: 2 | AD40: 1 | AE40: 0 | AF40: 2 | AG40: 38 | AH40: 32 | AI40: 1
A41: 35 | B41: 45676 | C41: No Luka | D41: REGULAR | E41: LAL | F41: @ | G41: LAC | H41: L | I41: 102-116 | J41: * | K41: 34.4 | L41: 4 | M41: 6 | N41: 0.667 | O41: 2 | P41: 4 | Q41: 0.5 | R41: 2 | S41: 2 | T41: 1 | U41: 0.833 | V41: 4 | W41: 4 | X41: 1 | Y41: 0 | Z41: 2 | AA41: 2 | AB41: 3 | AC41: 0 | AD41: 1 | AE41: 5 | AF41: 1 | AG41: 14 | AH41: 9.4 | AI41: -16
A42: 36 | B42: 45678 | C42: No Luka | D42: REGULAR | E42: LAL | G42: WAS | H42: W | I42: 111-88 | J42: * | K42: 36.066667 | L42: 4 | M42: 15 | N42: 0.267 | O42: 1 | P42: 8 | Q42: 0.125 | R42: 3 | S42: 7 | T42: 0.429 | U42: 0.3 | V42: 7 | W42: 7 | X42: 1 | Y42: 1 | Z42: 1 | AA42: 2 | AB42: 8 | AC42: 1 | AD42: 0 | AE42: 2 | AF42: 1 | AG42: 16 | AH42: 12.3 | AI42: 18
A43: 37 | B43: 45680 | C43: No Luka | D43: REGULAR | E43: LAL | G43: BOS | H43: W | I43: 117-96 | J43: * | K43: 33.266667 | L43: 7 | M43: 13 | N43: 0.538 | O43: 4 | P43: 8 | Q43: 0.5 | R43: 3 | S43: 5 | T43: 0.6 | U43: 0.692 | V43: 5 | W43: 6 | X43: 0.833 | Y43: 0 | Z43: 3 | AA43: 3 | AB43: 6 | AC43: 0 | AD43: 0 | AE43: 0 | AF43: 1 | AG43: 23 | AH43: 21 | AI43: 14
A44: 38 | B44: 45682 | C44: No Luka | D44: REGULAR | E44: LAL | F44: @ | G44: GSW | H44: W | I44: 118-108 | J44: * | K44: 39.483333 | L44: 6 | M44: 10 | N44: 0.6 | O44: 1 | P44: 4 | Q44: 0.25 | R44: 5 | S44: 6 | T44: 0.833 | U44: 0.65 | V44: 3 | W44: 3 | X44: 1 | Y44: 1 | Z44: 4 | AA44: 5 | AB44: 7 | AC44: 1 | AD44: 0 | AE44: 3 | AF44: 0 | AG44: 16 | AH44: 16.2 | AI44: 17
A45: 39 | B45: 45684 | C45: No Luka | D45: REGULAR | E45: LAL | F45: @ | G45: CHO | H45: W | I45: 112-107 | J45: * | K45: 37.716667 | L45: 5 | M45: 14 | N45: 0.357 | O45: 2 | P45: 8 | Q45: 0.25 | R45: 3 | S45: 6 | T45: 0.5 | U45: 0.429 | V45: 5 | W45: 7 | X45: 0.714 | Y45: 1 | Z45: 4 | AA45: 5 | AB45: 6 | AC45: 3 | AD45: 0 | AE45: 1 | AF45: 1 | AG45: 17 | AH45: 16.1 | AI45: 0
A46: 40 | B46: 45685 | C46: No Luka | D46: REGULAR | E46: LAL | F46: @ | G46: PHI | H46: L | I46: 104-118 | J46: * | K46: 33.5 | L46: 6 | M46: 10 | N46: 0.6 | O46: 1 | P46: 3 | Q46: 0.333 | R46: 5 | S46: 7 | T46: 0.714 | U46: 0.65 | V46: 0 | W46: 0 | Y46: 0 | Z46: 6 | AA46: 6 | AB46: 8 | AC46: 1 | AD46: 0 | AE46: 3 | AF46: 1 | AG46: 13 | AH46: 13.4 | AI46: -4
A47: 41 | B47: 45687 | C47: No Luka | D47: REGULAR | E47: LAL | F47: @ | G47: WAS | H47: W | I47: 134-96 | J47: * | K47: 30.083333 | L47: 6 | M47: 14 | N47: 0.429 | O47: 4 | P47: 7 | Q47: 0.571 | R47: 2 | S47: 7 | T47: 0.286 | U47: 0.571 | V47: 1 | W47: 2 | X47: 0.5 | Y47: 0 | Z47: 6 | AA47: 6 | AB47: 5 | AC47: 0 | AD47: 0 | AE47: 2 | AF47: 1 | AG47: 17 | AH47: 12.1 | AI47: 24
A48: 42 | B48: 45689 | C48: No Luka | D48: REGULAR | E48: LAL | F48: @ | G48: NYK | H48: W | I48: 128-112 | J48: * | K48: 29.483333 | L48: 7 | M48: 12 | N48: 0.583 | O48: 4 | P48: 7 | Q48: 0.571 | R48: 3 | S48: 5 | T48: 0.6 | U48: 0.75 | V48: 9 | W48: 9 | X48: 1 | Y48: 0 | Z48: 5 | AA48: 5 | AB48: 6 | AC48: 3 | AD48: 0 | AE48: 3 | AF48: 3 | AG48: 27 | AH48: 25.9 | AI48: 18
A49: 43 | B49: 45692 | C49: No Luka | D49: REGULAR | E49: LAL | F49: @ | G49: LAC | H49: W | I49: 122-97 | J49: * | K49: 29.816667 | L49: 7 | M49: 13 | N49: 0.538 | O49: 3 | P49: 7 | Q49: 0.429 | R49: 4 | S49: 6 | T49: 0.667 | U49: 0.654 | V49: 3 | W49: 3 | X49: 1 | Y49: 2 | Z49: 4 | AA49: 6 | AB49: 9 | AC49: 0 | AD49: 1 | AE49: 3 | AF49: 0 | AG49: 20 | AH49: 20.3 | AI49: 9
A50: 44 | B50: 45694 | C50: No Luka | D50: REGULAR | E50: LAL | G50: GSW | H50: W | I50: 120-112 | J50: * | K50: 35.516667 | L50: 4 | M50: 17 | N50: 0.235 | O50: 0 | P50: 9 | Q50: 0 | R50: 4 | S50: 8 | T50: 0.5 | U50: 0.235 | V50: 15 | W50: 16 | X50: 0.938 | Y50: 1 | Z50: 2 | AA50: 3 | AB50: 4 | AC50: 3 | AD50: 1 | AE50: 4 | AF50: 3 | AG50: 23 | AH50: 14.9 | AI50: 2
A51: 45 | B51: 45696 | C51: No Luka | D51: REGULAR | E51: LAL | G51: IND | H51: W | I51: 124-117 | J51: * | K51: 40.5 | L51: 14 | M51: 26 | N51: 0.538 | O51: 4 | P51: 9 | Q51: 0.444 | R51: 10 | S51: 17 | T51: 0.588 | U51: 0.615 | V51: 13 | W51: 13 | X51: 1 | Y51: 0 | Z51: 7 | AA51: 7 | AB51: 7 | AC51: 3 | AD51: 0 | AE51: 4 | AF51: 3 | AG51: 45 | AH51: 37.2 | AI51: 14
A52: 46 | B52: 45698 | C52: Luka | D52: REGULAR | E52: LAL | G52: UTA | H52: W | I52: 132-113 | J52: * | K52: 31.883333 | L52: 6 | M52: 10 | N52: 0.6 | O52: 3 | P52: 5 | Q52: 0.6 | R52: 3 | S52: 5 | T52: 0.6 | U52: 0.75 | V52: 7 | W52: 7 | X52: 1 | Y52: 3 | Z52: 6 | AA52: 9 | AB52: 4 | AC52: 1 | AD52: 1 | AE52: 0 | AF52: 1 | AG52: 22 | AH52: 25.4 | AI52: 27
A53: 47 | B53: 45700 | C53: Luka | D53: REGULAR | E53: LAL | F53: @ | G53: UTA | H53: L | I53: 119-131 | J53: * | K53: 36 | L53: 4 | M53: 15 | N53: 0.267 | O53: 1 | P53: 10 | Q53: 0.1 | R53: 3 | S53: 5 | T53: 0.6 | U53: 0.3 | V53: 6 | W53: 8 | X53: 0.75 | Y53: 1 | Z53: 4 | AA53: 5 | AB53: 11 | AC53: 1 | AD53: 0 | AE53: 1 | AF53: 3 | AG53: 15 | AH53: 13.7 | AI53: -13
A54: 48 | B54: 45707 | C54: Luka | D54: REGULAR | E54: LAL | G54: CHO | H54: L | I54: 97-100 | J54: * | K54: 27.25 | L54: 3 | M54: 9 | N54: 0.333 | O54: 2 | P54: 7 | Q54: 0.286 | R54: 1 | S54: 2 | T54: 0.5 | U54: 0.444 | V54: 0 | W54: 0 | Y54: 0 | Z54: 2 | AA54: 2 | AB54: 2 | AC54: 1 | AD54: 2 | AE54: 3 | AF54: 3 | AG54: 8 | AH54: 3.1 | AI54: -5
A55: 49 | B55: 45708 | C55: No Luka | D55: REGULAR | E55: LAL | F55: @ | G55: POR | H55: W | I55: 110-102 | J55: * | K55: 40.05 | L55: 9 | M55: 21 | N55: 0.429 | O55: 2 | P55: 8 | Q55: 0.25 | R55: 7 | S55: 13 | T55: 0.538 | U55: 0.476 | V55: 12 | W55: 13 | X55: 0.923 | Y55: 1 | Z55: 0 | AA55: 1 | AB55: 7 | AC55: 2 | AD55: 2 | AE55: 6 | AF55: 2 | AG55: 32 | AH55: 22.7 | AI55: 5
A56: 50 | B56: 45710 | C56: Luka | D56: REGULAR | E56: LAL | F56: @ | G56: DEN | H56: W | I56: 123-100 | J56: * | K56: 32.966667 | L56: 7 | M56: 13 | N56: 0.538 | O56: 4 | P56: 7 | Q56: 0.571 | R56: 3 | S56: 6 | T56: 0.5 | U56: 0.692 | V56: 5 | W56: 6 | X56: 0.833 | Y56: 1 | Z56: 3 | AA56: 4 | AB56: 7 | AC56: 0 | AD56: 1 | AE56: 2 | AF56: 3 | AG56: 23 | AH56: 20.3 | AI56: 13
A57: 51 | B57: 45713 | C57: Luka | D57: REGULAR | E57: LAL | G57: DAL | H57: W | I57: 107-99 | J57: * | K57: 37.7 | L57: 5 | M57: 12 | N57: 0.417 | O57: 3 | P57: 8 | Q57: 0.375 | R57: 2 | S57: 4 | T57: 0.5 | U57: 0.542 | V57: 7 | W57: 8 | X57: 0.875 | Y57: 0 | Z57: 3 | AA57: 3 | AB57: 5 | AC57: 0 | AD57: 0 | AE57: 1 | AF57: 2 | AG57: 20 | AH57: 15.8 | AI57: 16
A58: 52 | B58: 45715 | C58: Luka | D58: REGULAR | E58: LAL | G58: MIN | H58: W | I58: 111-102 | J58: * | K58: 38.033333 | L58: 5 | M58: 10 | N58: 0.5 | O58: 2 | P58: 5 | Q58: 0.4 | R58: 3 | S58: 5 | T58: 0.6 | U58: 0.6 | V58: 11 | W58: 12 | X58: 0.917 | Y58: 3 | Z58: 3 | AA58: 6 | AB58: 5 | AC58: 2 | AD58: 0 | AE58: 4 | AF58: 3 | AG58: 23 | AH58: 20.9 | AI58: 9
A59: 53 | B59: 45716 | C59: Luka | D59: REGULAR | E59: LAL | G59: LAC | H59: W | I59: 106-102 | J59: * | K59: 9.0333333 | L59: 2 | M59: 4 | N59: 0.5 | O59: 2 | P59: 4 | Q59: 0.5 | R59: 0 | S59: 0 | U59: 0.75 | V59: 0 | W59: 0 | Y59: 0 | Z59: 0 | AA59: 0 | AB59: 0 | AC59: 0 | AD59: 1 | AE59: 0 | AF59: 0 | AG59: 6 | AH59: 4.7 | AI59: -8
A60: 53 | B60: 45718 | C60: Luka | D60: REGULAR | E60: LAL | G60: LAC | H60: W | I60: 108-102 | J60: Inactive | K60: 0
A61: 53 | B61: 45720 | C61: Luka | D61: REGULAR | E61: LAL | G61: NOP | H61: W | I61: 136-115 | J61: Inactive | K61: 0
A62: 54 | B62: 45722 | C62: Luka | D62: REGULAR | E62: LAL | G62: NYK | H62: W | I62: 113-109 (OT) | J62: * | K62: 31.983333 | L62: 2 | M62: 13 | N62: 0.154 | O62: 1 | P62: 7 | Q62: 0.143 | R62: 1 | S62: 6 | T62: 0.167 | U62: 0.192 | V62: 3 | W62: 4 | X62: 0.75 | Y62: 2 | Z62: 4 | AA62: 6 | AB62: 0 | AC62: 0 | AD62: 0 | AE62: 2 | AF62: 3 | AG62: 8 | AH62: -1.3 | AI62: -7
A63: 55 | B63: 45724 | C63: Luka | D63: REGULAR | E63: LAL | F63: @ | G63: BOS | H63: L | I63: 101-111 | J63: * | K63: 38.566667 | L63: 5 | M63: 12 | N63: 0.417 | O63: 4 | P63: 7 | Q63: 0.571 | R63: 1 | S63: 5 | T63: 0.2 | U63: 0.583 | V63: 2 | W63: 2 | X63: 1 | Y63: 1 | Z63: 2 | AA63: 3 | AB63: 2 | AC63: 1 | AD63: 0 | AE63: 1 | AF63: 0 | AG63: 16 | AH63: 12.3 | AI63: -12
A64: 56 | B64: 45726 | C64: Luka | D64: REGULAR | E64: LAL | F64: @ | G64: BRK | H64: L | I64: 108-111 | J64: * | K64: 36.033333 | L64: 3 | M64: 14 | N64: 0.214 | O64: 1 | P64: 5 | Q64: 0.2 | R64: 2 | S64: 9 | T64: 0.222 | U64: 0.25 | V64: 10 | W64: 11 | X64: 0.909 | Y64: 2 | Z64: 6 | AA64: 8 | AB64: 10 | AC64: 0 | AD64: 1 | AE64: 3 | AF64: 3 | AG64: 17 | AH64: 14.7 | AI64: -10
A65: 57 | B65: 45729 | C65: No Luka | D65: REGULAR | E65: LAL | F65: @ | G65: MIL | H65: L | I65: 106-126 | J65: * | K65: 35.633333 | L65: 10 | M65: 17 | N65: 0.588 | O65: 4 | P65: 7 | Q65: 0.571 | R65: 6 | S65: 10 | T65: 0.6 | U65: 0.706 | V65: 4 | W65: 4 | X65: 1 | Y65: 0 | Z65: 8 | AA65: 8 | AB65: 3 | AC65: 0 | AD65: 0 | AE65: 3 | AF65: 3 | AG65: 28 | AH65: 20.4 | AI65: -6
A66: 58 | B66: 45730 | C66: Luka | D66: REGULAR | E66: LAL | F66: @ | G66: DEN | H66: L | I66: 126-131 | J66: * | K66: 39.283333 | L66: 13 | M66: 26 | N66: 0.5 | O66: 4 | P66: 10 | Q66: 0.4 | R66: 9 | S66: 16 | T66: 0.563 | U66: 0.577 | V66: 7 | W66: 7 | X66: 1 | Y66: 0 | Z66: 8 | AA66: 8 | AB66: 13 | AC66: 4 | AD66: 0 | AE66: 4 | AF66: 3 | AG66: 37 | AH66: 34.3 | AI66: 0
A67: 59 | B67: 45732 | C67: Luka | D67: REGULAR | E67: LAL | G67: PHO | H67: W | I67: 107-96 | J67: * | K67: 39.416667 | L67: 10 | M67: 21 | N67: 0.476 | O67: 4 | P67: 10 | Q67: 0.4 | R67: 6 | S67: 11 | T67: 0.545 | U67: 0.571 | V67: 4 | W67: 5 | X67: 0.8 | Y67: 0 | Z67: 4 | AA67: 4 | AB67: 6 | AC67: 2 | AD67: 1 | AE67: 2 | AF67: 1 | AG67: 28 | AH67: 22.6 | AI67: 14
A68: 60 | B68: 45733 | C68: Luka | D68: REGULAR | E68: LAL | G68: SAS | H68: W | I68: 125-109 | J68: * | K68: 36.166667 | L68: 12 | M68: 21 | N68: 0.571 | O68: 5 | P68: 13 | Q68: 0.385 | R68: 7 | S68: 8 | T68: 0.875 | U68: 0.69 | V68: 1 | W68: 1 | X68: 1 | Y68: 0 | Z68: 7 | AA68: 7 | AB68: 6 | AC68: 2 | AD68: 0 | AE68: 2 | AF68: 0 | AG68: 30 | AH68: 26.4 | AI68: 18
A69: 61 | B69: 45735 | C69: Luka | D69: REGULAR | E69: LAL | G69: DEN | H69: W | I69: 120-108 | J69: * | K69: 36.116667 | L69: 8 | M69: 16 | N69: 0.5 | O69: 2 | P69: 7 | Q69: 0.286 | R69: 6 | S69: 9 | T69: 0.667 | U69: 0.563 | V69: 4 | W69: 4 | X69: 1 | Y69: 0 | Z69: 5 | AA69: 5 | AB69: 8 | AC69: 2 | AD69: 1 | AE69: 1 | AF69: 2 | AG69: 22 | AH69: 22 | AI69: 13
A70: 61 | B70: 45736 | C70: No Luka | D70: REGULAR | E70: LAL | G70: MIL | H70: L | I70: 89-118 | J70: Inactive | K70: 0
A71: 62 | B71: 45738 | C71: Luka | D71: REGULAR | E71: LAL | G71: CHI | H71: L | I71: 115-146 | J71: * | K71: 33.933333 | L71: 9 | M71: 13 | N71: 0.692 | O71: 3 | P71: 7 | Q71: 0.429 | R71: 6 | S71: 6 | T71: 1 | U71: 0.808 | V71: 4 | W71: 4 | X71: 1 | Y71: 1 | Z71: 1 | AA71: 2 | AB71: 5 | AC71: 0 | AD71: 0 | AE71: 2 | AF71: 0 | AG71: 25 | AH71: 22 | AI71: -21
A72: 63 | B72: 45740 | C72: Luka | D72: REGULAR | E72: LAL | F72: @ | G72: ORL | H72: L | I72: 106-118 | J72: * | K72: 35.65 | L72: 7 | M72: 16 | N72: 0.438 | O72: 1 | P72: 6 | Q72: 0.167 | R72: 6 | S72: 10 | T72: 0.6 | U72: 0.469 | V72: 3 | W72: 4 | X72: 0.75 | Y72: 0 | Z72: 6 | AA72: 6 | AB72: 4 | AC72: 0 | AD72: 0 | AE72: 3 | AF72: 4 | AG72: 18 | AH72: 9.2 | AI72: -7
A73: 64 | B73: 45742 | C73: Luka | D73: REGULAR | E73: LAL | F73: @ | G73: IND | H73: W | I73: 120-119 | J73: * | K73: 36.2 | L73: 8 | M73: 16 | N73: 0.5 | O73: 1 | P73: 8 | Q73: 0.125 | R73: 7 | S73: 8 | T73: 0.875 | U73: 0.531 | V73: 7 | W73: 7 | X73: 1 | Y73: 1 | Z73: 3 | AA73: 4 | AB73: 5 | AC73: 1 | AD73: 0 | AE73: 4 | AF73: 3 | AG73: 24 | AH73: 16.9 | AI73: 6
A74: 65 | B74: 45743 | C74: Luka | D74: REGULAR | E74: LAL | F74: @ | G74: CHI | H74: L | I74: 117-119 | J74: * | K74: 36.883333 | L74: 10 | M74: 17 | N74: 0.588 | O74: 3 | P74: 9 | Q74: 0.333 | R74: 7 | S74: 8 | T74: 0.875 | U74: 0.676 | V74: 7 | W74: 7 | X74: 1 | Y74: 0 | Z74: 1 | AA74: 1 | AB74: 3 | AC74: 0 | AD74: 2 | AE74: 2 | AF74: 4 | AG74: 30 | AH74: 22.3 | AI74: -10
A75: 66 | B75: 45745 | C75: Luka | D75: REGULAR | E75: LAL | F75: @ | G75: MEM | H75: W | I75: 134-127 | J75: * | K75: 37.35 | L75: 8 | M75: 16 | N75: 0.5 | O75: 5 | P75: 8 | Q75: 0.625 | R75: 3 | S75: 8 | T75: 0.375 | U75: 0.656 | V75: 10 | W75: 10 | X75: 1 | Y75: 3 | Z75: 4 | AA75: 7 | AB75: 8 | AC75: 1 | AD75: 1 | AE75: 3 | AF75: 2 | AG75: 31 | AH75: 29.8 | AI75: -5
A76: 67 | B76: 45747 | C76: Luka | D76: REGULAR | E76: LAL | G76: HOU | H76: W | I76: 104-98 | J76: * | K76: 38.95 | L76: 5 | M76: 11 | N76: 0.455 | O76: 0 | P76: 3 | Q76: 0 | R76: 5 | S76: 8 | T76: 0.625 | U76: 0.455 | V76: 2 | W76: 2 | X76: 1 | Y76: 1 | Z76: 7 | AA76: 8 | AB76: 3 | AC76: 2 | AD76: 0 | AE76: 1 | AF76: 1 | AG76: 12 | AH76: 11.8 | AI76: 8
A77: 68 | B77: 45750 | C77: Luka | D77: REGULAR | E77: LAL | G77: GSW | H77: L | I77: 116-123 | J77: * | K77: 40.05 | L77: 10 | M77: 20 | N77: 0.5 | O77: 9 | P77: 16 | Q77: 0.563 | R77: 1 | S77: 4 | T77: 0.25 | U77: 0.725 | V77: 2 | W77: 3 | X77: 0.667 | Y77: 1 | Z77: 5 | AA77: 6 | AB77: 3 | AC77: 1 | AD77: 0 | AE77: 0 | AF77: 5 | AG77: 31 | AH77: 23.9 | AI77: 2
A78: 69 | B78: 45751 | C78: Luka | D78: REGULAR | E78: LAL | G78: NOP | H78: W | I78: 124-108 | J78: * | K78: 35.716667 | L78: 8 | M78: 13 | N78: 0.615 | O78: 6 | P78: 9 | Q78: 0.667 | R78: 2 | S78: 4 | T78: 0.5 | U78: 0.846 | V78: 8 | W78: 9 | X78: 0.889 | Y78: 1 | Z78: 2 | AA78: 3 | AB78: 7 | AC78: 1 | AD78: 0 | AE78: 1 | AF78: 1 | AG78: 30 | AH78: 29.5 | AI78: 17
A79: 70 | B79: 45753 | C79: Luka | D79: REGULAR | E79: LAL | F79: @ | G79: OKC | H79: W | I79: 126-99 | J79: * | K79: 33.75 | L79: 7 | M79: 15 | N79: 0.467 | O79: 4 | P79: 8 | Q79: 0.5 | R79: 3 | S79: 7 | T79: 0.429 | U79: 0.6 | V79: 2 | W79: 2 | X79: 1 | Y79: 0 | Z79: 2 | AA79: 2 | AB79: 3 | AC79: 1 | AD79: 1 | AE79: 3 | AF79: 1 | AG79: 20 | AH79: 13.3 | AI79: 14
A80: 71 | B80: 45755 | C80: Luka | D80: REGULAR | E80: LAL | F80: @ | G80: OKC | H80: L | I80: 120-136 | J80: * | K80: 38.366667 | L80: 6 | M80: 12 | N80: 0.5 | O80: 4 | P80: 7 | Q80: 0.571 | R80: 2 | S80: 5 | T80: 0.4 | U80: 0.667 | V80: 8 | W80: 12 | X80: 0.667 | Y80: 1 | Z80: 4 | AA80: 5 | AB80: 5 | AC80: 0 | AD80: 0 | AE80: 4 | AF80: 4 | AG80: 24 | AH80: 16.2 | AI80: -19
A81: 72 | B81: 45756 | C81: Luka | D81: REGULAR | E81: LAL | F81: @ | G81: DAL | H81: W | I81: 112-97 | J81: * | K81: 38.45 | L81: 4 | M81: 10 | N81: 0.4 | O81: 1 | P81: 5 | Q81: 0.2 | R81: 3 | S81: 5 | T81: 0.6 | U81: 0.45 | V81: 2 | W81: 2 | X81: 1 | Y81: 2 | Z81: 2 | AA81: 4 | AB81: 4 | AC81: 1 | AD81: 0 | AE81: 2 | AF81: 3 | AG81: 11 | AH81: 8.2 | AI81: 19
A82: 73 | B82: 45758 | C82: Luka | D82: REGULAR | E82: LAL | G82: HOU | H82: W | I82: 140-109 | J82: * | K82: 33 | L82: 9 | M82: 15 | N82: 0.6 | O82: 3 | P82: 6 | Q82: 0.5 | R82: 6 | S82: 9 | T82: 0.667 | U82: 0.7 | V82: 2 | W82: 2 | X82: 1 | Y82: 0 | Z82: 7 | AA82: 7 | AB82: 6 | AC82: 2 | AD82: 0 | AE82: 5 | AF82: 2 | AG82: 23 | AH82: 18.6 | AI82: 17
A83: 73 | B83: 45760 | C83: No Luka | D83: REGULAR | E83: LAL | F83: @ | G83: POR | H83: L | I83: 81-109 | J83: Inactive | K83: 0

Sheet TEAM AND OPPONENT STATS
A1: TEAM AND OPPONENT STATS | C1: Ranks are per game (except for MP, which are total) and sorted descending (except for TOV and PF); opponents ranked are flipped; year/year calculations are also per game
A3: TEAM STATS | B3: G | C3: MP | D3: FG | E3: FGA | F3: FG% | G3: 3P | H3: 3PA | I3: 3P% | J3: 2P | K3: 2PA | L3: 2P% | M3: FT | N3: FTA | O3: FT% | P3: ORB | Q3: DRB | R3: TRB | S3: AST | T3: STL | U3: BLK | V3: TOV | W3: PF | X3: PTS
A4: Team | B4: 82 | C4: 19730 | D4: 3356 | E4: 7007 | F4: 0.479 | G4: 1092 | H4: 2981 | I4: 0.366 | J4: 2264 | K4: 4026 | L4: 0.562 | M4: 1494 | N4: 1902 | O4: 0.785 | P4: 792 | Q4: 2687 | R4: 3479 | S4: 2131 | T4: 633 | U4: 367 | V4: 1145 | W4: 1415 | X4: 9298
A5: Team/G | C5: 240.6 | D5: 40.9 | E5: 85.5 | F5: 0.479 | G5: 13.3 | H5: 36.4 | I5: 0.366 | J5: 27.6 | K5: 49.1 | L5: 0.562 | M5: 18.2 | N5: 23.2 | O5: 0.785 | P5: 9.7 | Q5: 32.8 | R5: 42.4 | S5: 26 | T5: 7.7 | U5: 4.5 | V5: 14 | W5: 17.3 | X5: 113.4
A6: Lg Rank | C6: 23 | D6: 20 | E6: 30 | F6: 9 | G6: 15 | H6: 19 | I6: 14 | J6: 19 | K6: 24 | L6: 5 | M6: 2 | N6: 3 | O6: 13 | P6: 27 | Q6: 20 | R6: 26 | S6: 18 | T6: 22 | U6: 22 | V6: 12 | W6: 5 | X6: 19
A7: Year/Year | C7: -0.006 | D7: -0.063 | E7: -0.024 | F7: -0.02 | G7: 0.127 | H7: 0.159 | I7: -0.01 | J7: -0.133 | K7: -0.126 | L7: -0.005 | M7: -0.036 | N7: -0.041 | O7: 0.004 | P7: 0.172 | Q7: -0.06 | R7: -0.016 | S7: -0.089 | T7: 0.046 | U7: -0.19 | V7: -0.001 | W7: 0.103 | X7: -0.039
A9: OPPONENT STATS | B9: G | C9: MP | D9: FG | E9: FGA | F9: FG% | G9: 3P | H9: 3PA | I9: 3P% | J9: 2P | K9: 2PA | L9: 2P% | M9: FT | N9: FTA | O9: FT% | P9: ORB | Q9: DRB | R9: TRB | S9: AST | T9: STL | U9: BLK | V9: TOV | W9: PF | X9: PTS
A10: Opponent | B10: 82 | C10: 19730 | D10: 3392 | E10: 7319 | F10: 0.463 | G10: 1112 | H10: 3124 | I10: 0.356 | J10: 2280 | K10: 4195 | L10: 0.544 | M10: 1302 | N10: 1680 | O10: 0.775 | P10: 919 | Q10: 2609 | R10: 3528 | S10: 2236 | T10: 673 | U10: 344 | V10: 1121 | W10: 1576 | X10: 9198
A11: Opponent/G | C11: 240.6 | D11: 41.4 | E11: 89.3 | F11: 0.463 | G11: 13.6 | H11: 38.1 | I11: 0.356 | J11: 27.8 | K11: 51.2 | L11: 0.544 | M11: 15.9 | N11: 20.5 | O11: 0.775 | P11: 11.2 | Q11: 31.8 | R11: 43 | S11: 27.3 | T11: 8.2 | U11: 4.2 | V11: 13.7 | W11: 19.2 | X11: 112.2
A12: Lg Rank | C12: 23 | D12: 13 | E12: 16 | F12: 10 | G12: 15 | H12: 18 | I12: 10 | J12: 15 | K12: 13 | L12: 13 | M12: 7 | N12: 7 | O12: 10 | P12: 16 | Q12: 5 | R12: 9 | S12: 22 | T12: 17 | U12: 4 | V12: 20 | W12: 6 | X12: 10
A13: Year/Year | C13: -0.006 | D13: -0.069 | E13: -0.048 | F13: -0.01 | G13: -0.05 | H13: 0.005 | I13: -0.02 | J13: -0.078 | K13: -0.084 | L13: 0.003 | M13: 0.109 | N13: 0.138 | O13: -0.02 | P13: 0.029 | Q13: -0.04 | R13: -0.023 | S13: -0.035 | T13: 0 | U13: -0.118 | V13: 0.019 | W13: -0.027 | X13: -0.045

Sheet Minny_Stats_2025_PLAYOFFSvsLake
A1: TOTALS | V1: SHOOTING | Y1: PER GAME
A2: Rk | B2: Player | C2: Age | D2: G | E2: GS | F2: MP | G2: FG | H2: FGA | I2: 3P | J2: 3PA | K2: FT | L2: FTA | M2: ORB | N2: DRB | O2: TRB | P2: AST | Q2: STL | R2: BLK | S2: TOV | T2: PF | U2: PTS | V2: FG% | W2: 3P% | X2: FT% | Y2: MP2 | Z2: PTS3 | AA2: TRB4 | AB2: AST5 | AC2: STL6 | AD2: BLK7
A3: 1 | B3: Anthony Edwards | C3: 23 | D3: 5 | E3: 5 | F3: 205 | G3: 47 | H3: 112 | I3: 16 | J3: 48 | K3: 24 | L3: 31 | M3: 11 | N3: 31 | O3: 42 | P3: 31 | Q3: 6 | R3: 2 | S3: 6 | T3: 10 | U3: 134 | V3: 0.42 | W3: 0.333 | X3: 0.774 | Y3: 41 | Z3: 26.8 | AA3: 8.4 | AB3: 6.2 | AC3: 1.2 | AD3: 0.4
A4: 2 | B4: Julius Randle | C4: 30 | D4: 5 | E4: 5 | F4: 189 | G4: 38 | H4: 79 | I4: 11 | J4: 28 | K4: 26 | L4: 31 | M4: 8 | N4: 18 | O4: 26 | P4: 22 | Q4: 4 | R4: 1 | S4: 13 | T4: 19 | U4: 113 | V4: 0.481 | W4: 0.393 | X4: 0.839 | Y4: 37.8 | Z4: 22.6 | AA4: 5.2 | AB4: 4.4 | AC4: 0.8 | AD4: 0.2
A5: 3 | B5: Jaden McDaniels | C5: 24 | D5: 5 | E5: 5 | F5: 166 | G5: 35 | H5: 61 | I5: 6 | J5: 16 | K5: 11 | L5: 13 | M5: 12 | N5: 20 | O5: 32 | P5: 7 | Q5: 5 | R5: 1 | S5: 4 | T5: 20 | U5: 87 | V5: 0.574 | W5: 0.375 | X5: 0.846 | Y5: 33.2 | Z5: 17.4 | AA5: 6.4 | AB5: 1.4 | AC5: 1 | AD5: 0.2
A6: 4 | B6: Naz Reid | C6: 25 | D6: 5 | E6: 0 | F6: 120 | G6: 20 | H6: 38 | I6: 11 | J6: 22 | K6: 7 | L6: 11 | M6: 4 | N6: 15 | O6: 19 | P6: 7 | Q6: 3 | R6: 5 | S6: 5 | T6: 12 | U6: 58 | V6: 0.526 | W6: 0.5 | X6: 0.636 | Y6: 24.1 | Z6: 11.6 | AA6: 3.8 | AB6: 1.4 | AC6: 0.6 | AD6: 1
A7: 5 | B7: Rudy Gobert | C7: 32 | D7: 5 | E7: 5 | F7: 143 | G7: 16 | H7: 28 | I7: 0 | J7: 0 | K7: 9 | L7: 18 | M7: 19 | N7: 30 | O7: 49 | P7: 2 | Q7: 5 | R7: 4 | S7: 4 | T7: 13 | U7: 41 | V7: 0.571 | X7: 0.5 | Y7: 28.6 | Z7: 8.2 | AA7: 9.8 | AB7: 0.4 | AC7: 1 | AD7: 0.8
A8: 6 | B8: Donte DiVincenzo | C8: 28 | D8: 5 | E8: 0 | F8: 132 | G8: 15 | H8: 50 | I8: 6 | J8: 31 | K8: 4 | L8: 5 | M8: 4 | N8: 15 | O8: 19 | P8: 17 | Q8: 10 | R8: 3 | S8: 7 | T8: 17 | U8: 40 | V8: 0.3 | W8: 0.194 | X8: 0.8 | Y8: 26.4 | Z8: 8 | AA8: 3.8 | AB8: 3.4 | AC8: 2 | AD8: 0.6
A9: 7 | B9: Nickeil Alexander-Walker | C9: 26 | D9: 5 | E9: 0 | F9: 100 | G9: 9 | H9: 34 | I9: 5 | J9: 23 | K9: 7 | L9: 8 | M9: 0 | N9: 8 | O9: 8 | P9: 11 | Q9: 2 | R9: 1 | S9: 7 | T9: 7 | U9: 30 | V9: 0.265 | W9: 0.217 | X9: 0.875 | Y9: 19.9 | Z9: 6 | AA9: 1.6 | AB9: 2.2 | AC9: 0.4 | AD9: 0.2
A10: 8 | B10: Mike Conley | C10: 37 | D10: 5 | E10: 5 | F10: 120 | G10: 10 | H10: 28 | I10: 5 | J10: 17 | K10: 3 | L10: 3 | M10: 5 | N10: 12 | O10: 17 | P10: 13 | Q10: 4 | R10: 1 | S10: 3 | T10: 4 | U10: 28 | V10: 0.357 | W10: 0.294 | X10: 1 | Y10: 24 | Z10: 5.6 | AA10: 3.4 | AB10: 2.6 | AC10: 0.8 | AD10: 0.2
A11: 9 | B11: Jaylen Clark | C11: 23 | D11: 1 | E11: 0 | F11: 3 | G11: 0 | H11: 0 | I11: 0 | J11: 0 | K11: 2 | L11: 2 | M11: 0 | N11: 0 | O11: 0 | P11: 0 | Q11: 1 | R11: 0 | S11: 0 | T11: 1 | U11: 2 | X11: 1 | Y11: 3.1 | Z11: 2 | AA11: 0 | AB11: 0 | AC11: 1 | AD11: 0
A12: 10 | B12: Luka Garza | C12: 26 | D12: 1 | E12: 0 | F12: 3 | G12: 1 | H12: 1 | I12: 0 | J12: 0 | K12: 0 | L12: 0 | M12: 1 | N12: 0 | O12: 1 | P12: 0 | Q12: 0 | R12: 0 | S12: 0 | T12: 0 | U12: 2 | V12: 1 | Y12: 2.8 | Z12: 2 | AA12: 1 | AB12: 0 | AC12: 0 | AD12: 0
A13: 11 | B13: Terrence Shannon Jr. | C13: 24 | D13: 3 | E13: 0 | F13: 13 | G13: 1 | H13: 3 | I13: 0 | J13: 0 | K13: 0 | L13: 0 | M13: 1 | N13: 4 | O13: 5 | P13: 1 | Q13: 0 | R13: 0 | S13: 0 | T13: 1 | U13: 2 | V13: 0.333 | Y13: 4.4 | Z13: 0.7 | AA13: 1.7 | AB13: 0.3 | AC13: 0 | AD13: 0
A14: 12 | B14: Leonard Miller | C14: 21 | D14: 1 | E14: 0 | F14: 2 | G14: 0 | H14: 0 | I14: 0 | J14: 0 | K14: 0 | L14: 0 | M14: 0 | N14: 1 | O14: 1 | P14: 0 | Q14: 0 | R14: 0 | S14: 0 | T14: 0 | U14: 0 | Y14: 2.1 | Z14: 0 | AA14: 1 | AB14: 0 | AC14: 0 | AD14: 0
A15: 13 | B15: Josh Minott | C15: 22 | D15: 1 | E15: 0 | F15: 3 | G15: 0 | H15: 1 | I15: 0 | J15: 1 | K15: 0 | L15: 0 | M15: 0 | N15: 0 | O15: 0 | P15: 0 | Q15: 0 | R15: 0 | S15: 0 | T15: 0 | U15: 0 | V15: 0 | W15: 0 | Y15: 3 | Z15: 0 | AA15: 0 | AB15: 0 | AC15: 0 | AD15: 0
B16: Team Totals | C16: 27.6 | D16: 5 | F16: 1200 | G16: 192 | H16: 435 | I16: 60 | J16: 186 | K16: 93 | L16: 122 | M16: 65 | N16: 154 | O16: 219 | P16: 111 | Q16: 40 | R16: 18 | S16: 56 | T16: 104 | U16: 537 | V16: 0.441 | W16: 0.323 | X16: 0.762 | Y16: 240 | Z16: 107.4 | AA16: 43.8 | AB16: 22.2 | AC16: 8 | AD16: 3.6

Sheet Lakers_STATS_PlayoffsvsMinny
D1: Totals | V1: Shooting | Y1: Per Game
A2: Rk | B2: Player | C2: Age | D2: G | E2: GS | F2: MP | G2: FG | H2: FGA | I2: 3P | J2: 3PA | K2: FT | L2: FTA | M2: ORB | N2: DRB | O2: TRB | P2: AST | Q2: STL | R2: BLK | S2: TOV | T2: PF | U2: PTS | V2: FG% | W2: 3P% | X2: FT% | Y2: MP2 | Z2: PTS3 | AA2: TRB4 | AB2: AST5 | AC2: STL6 | AD2: BLK7
A3: 1 | B3: Luka Dončić | C3: 25 | D3: 5 | E3: 5 | F3: 208 | G3: 47 | H3: 104 | I3: 16 | J3: 46 | K3: 41 | L3: 46 | M3: 2 | N3: 33 | O3: 35 | P3: 29 | Q3: 5 | R3: 3 | S3: 20 | T3: 16 | U3: 151 | V3: 0.452 | W3: 0.348 | X3: 0.891 | Y3: 41.6 | Z3: 30.2 | AA3: 7 | AB3: 5.8 | AC3: 1 | AD3: 0.6
A4: 2 | B4: LeBron James | C4: 40 | D4: 5 | E4: 5 | F4: 204 | G4: 43 | H4: 88 | I4: 10 | J4: 28 | K4: 31 | L4: 40 | M4: 12 | N4: 33 | O4: 45 | P4: 28 | Q4: 10 | R4: 9 | S4: 13 | T4: 8 | U4: 127 | V4: 0.489 | W4: 0.357 | X4: 0.775 | Y4: 40.7 | Z4: 25.4 | AA4: 9 | AB4: 5.6 | AC4: 2 | AD4: 1.8
A5: 3 | B5: Austin Reaves | C5: 26 | D5: 5 | E5: 5 | F5: 196 | G5: 30 | H5: 73 | I5: 15 | J5: 47 | K5: 6 | L5: 7 | M5: 4 | N5: 23 | O5: 27 | P5: 18 | Q5: 1 | R5: 3 | S5: 14 | T5: 18 | U5: 81 | V5: 0.411 | W5: 0.319 | X5: 0.857 | Y5: 39.3 | Z5: 16.2 | AA5: 5.4 | AB5: 3.6 | AC5: 0.2 | AD5: 0.6
A6: 4 | B6: Rui Hachimura | C6: 26 | D6: 5 | E6: 5 | F6: 182 | G6: 28 | H6: 57 | I6: 15 | J6: 31 | K6: 3 | L6: 3 | M6: 4 | N6: 19 | O6: 23 | P6: 5 | Q6: 3 | R6: 3 | S6: 7 | T6: 12 | U6: 74 | V6: 0.491 | W6: 0.484 | X6: 1 | Y6: 36.4 | Z6: 14.8 | AA6: 4.6 | AB6: 1 | AC6: 0.6 | AD6: 0.6
A7: 5 | B7: Dorian Finney-Smith | C7: 31 | D7: 5 | E7: 1 | F7: 170 | G7: 12 | H7: 29 | I7: 7 | J7: 19 | K7: 0 | L7: 0 | M7: 10 | N7: 11 | O7: 21 | P7: 13 | Q7: 1 | R7: 2 | S7: 5 | T7: 17 | U7: 31 | V7: 0.414 | W7: 0.368 | Y7: 33.9 | Z7: 6.2 | AA7: 4.2 | AB7: 2.6 | AC7: 0.2 | AD7: 0.4
A8: 6 | B8: Gabe Vincent | C8: 28 | D8: 5 | E8: 0 | F8: 99 | G8: 5 | H8: 14 | I8: 4 | J8: 13 | K8: 0 | L8: 0 | M8: 0 | N8: 5 | O8: 5 | P8: 5 | Q8: 1 | R8: 2 | S8: 1 | T8: 8 | U8: 14 | V8: 0.357 | W8: 0.308 | Y8: 19.7 | Z8: 2.8 | AA8: 1 | AB8: 1 | AC8: 0.2 | AD8: 0.4
A9: 7 | B9: Jaxson Hayes | C9: 24 | D9: 4 | E9: 4 | F9: 31 | G9: 3 | H9: 8 | I9: 0 | J9: 0 | K9: 1 | L9: 2 | M9: 5 | N9: 3 | O9: 8 | P9: 1 | Q9: 0 | R9: 1 | S9: 1 | T9: 8 | U9: 7 | V9: 0.375 | X9: 0.5 | Y9: 7.6 | Z9: 1.8 | AA9: 2 | AB9: 0.3 | AC9: 0 | AD9: 0.3
A10: 8 | B10: Jarred Vanderbilt | C10: 25 | D10: 5 | E10: 0 | F10: 60 | G10: 2 | H10: 6 | I10: 0 | J10: 1 | K10: 3 | L10: 4 | M10: 4 | N10: 15 | O10: 19 | P10: 5 | Q10: 3 | R10: 1 | S10: 3 | T10: 9 | U10: 7 | V10: 0.333 | W10: 0 | X10: 0.75 | Y10: 12 | Z10: 1.4 | AA10: 3.8 | AB10: 1 | AC10: 0.6 | AD10: 0.2
A11: 9 | B11: Dalton Knecht | C11: 23 | D11: 2 | E11: 0 | F11: 4 | G11: 2 | H11: 5 | I11: 1 | J11: 4 | K11: 0 | L11: 0 | M11: 2 | N11: 1 | O11: 3 | P11: 0 | Q11: 0 | R11: 0 | S11: 0 | T11: 0 | U11: 5 | V11: 0.4 | W11: 0.25 | Y11: 1.8 | Z11: 2.5 | AA11: 1.5 | AB11: 0 | AC11: 0 | AD11: 0
A12: 10 | B12: Jordan Goodwin | C12: 26 | D12: 4 | E12: 0 | F12: 31 | G12: 1 | H12: 5 | I12: 0 | J12: 2 | K12: 1 | L12: 2 | M12: 2 | N12: 3 | O12: 5 | P12: 2 | Q12: 1 | R12: 1 | S12: 1 | T12: 7 | U12: 3 | V12: 0.2 | W12: 0 | X12: 0.5 | Y12: 7.8 | Z12: 0.8 | AA12: 1.3 | AB12: 0.5 | AC12: 0.3 | AD12: 0.3
A13: 11 | B13: Maxi Kleber | C13: 33 | D13: 1 | E13: 0 | F13: 5 | G13: 0 | H13: 1 | I13: 0 | J13: 1 | K13: 2 | L13: 2 | M13: 0 | N13: 0 | O13: 0 | P13: 0 | Q13: 0 | R13: 0 | S13: 1 | T13: 1 | U13: 2 | V13: 0 | W13: 0 | X13: 1 | Y13: 5 | Z13: 2 | AA13: 0 | AB13: 0 | AC13: 0 | AD13: 0
A14: 12 | B14: Bronny James | C14: 20 | D14: 2 | E14: 0 | F14: 4 | G14: 0 | H14: 2 | I14: 0 | J14: 2 | K14: 0 | L14: 0 | M14: 0 | N14: 0 | O14: 0 | P14: 0 | Q14: 0 | R14: 0 | S14: 0 | T14: 0 | U14: 0 | V14: 0 | W14: 0 | Y14: 1.8 | Z14: 0 | AA14: 0 | AB14: 0 | AC14: 0 | AD14: 0
A15: 13 | B15: Alex Len | C15: 31 | D15: 2 | E15: 0 | F15: 4 | G15: 0 | H15: 1 | I15: 0 | J15: 0 | K15: 0 | L15: 0 | M15: 3 | N15: 1 | O15: 4 | P15: 0 | Q15: 0 | R15: 0 | S15: 0 | T15: 0 | U15: 0 | V15: 0 | Y15: 1.8 | Z15: 0 | AA15: 2 | AB15: 0 | AC15: 0 | AD15: 0
A16: 14 | B16: Shake Milton | C16: 28 | D16: 2 | E16: 0 | F16: 4 | G16: 0 | H16: 1 | I16: 0 | J16: 0 | K16: 0 | L16: 0 | M16: 0 | N16: 0 | O16: 0 | P16: 0 | Q16: 0 | R16: 0 | S16: 0 | T16: 1 | U16: 0 | V16: 0 | Y16: 1.8 | Z16: 0 | AA16: 0 | AB16: 0 | AC16: 0 | AD16: 0
B17: Team Totals | C17: 28.9 | D17: 5 | F17: 1200 | G17: 173 | H17: 394 | I17: 68 | J17: 194 | K17: 88 | L17: 106 | M17: 48 | N17: 147 | O17: 195 | P17: 106 | Q17: 25 | R17: 25 | S17: 73 | T17: 105 | U17: 502 | V17: 0.439 | W17: 0.351 | X17: 0.83 | Y17: 240 | Z17: 100.4 | AA17: 39 | AB17: 21.2 | AC17: 5 | AD17: 5
